Country Name,Country Code,1990,1991,1992,1993,1994,1995,1996,1997,1998,1999,2000,2001,2002,2003,2004,2005,2006,2007,2008,2009,2010,2011,2012,2013,2014,2015,2016,2017,2018,2019,2020,2021,2022,2023
Aruba,ABW,,,,,,,,,,,,,,,,,,,,,,,,,,,,,,,,,,
Africa Eastern and Southern,AFE,,,,,,,,,,,,,,,,,,,,,,,,,,,,,,,,,,
Afghanistan,AFG,64.17409663,64.18815301,64.21052582,64.24414076,64.29192348,64.35679967,64.47599237,64.6415192,64.7884977,64.8520454,64.76727982,64.59757272,64.41688801,64.17623142,63.82660868,63.31902553,61.51464943,58.08378502,54.19114381,51.00143731,49.67937703,61.81705591,70.92231651,73.1318159,77.14372755,73.49081763,72.76591014,65.862347,67.22717748,58.33087223,46.08709367,,,
Africa Western and Central,AFW,,,,,,,,,,,,,,,,,,,,,,,,,,,,,,,,,,
Angola,AGO,23.83176728,23.44396745,23.12946351,22.89532855,22.74863566,22.6964579,22.75995361,22.92253538,23.1346577,23.34677511,23.50934209,23.65268219,23.82000908,23.98111244,24.10578197,24.16380738,24.17293161,24.17419013,24.17231148,24.17202417,24.17805672,24.33794017,24.4804929,24.53865843,23.94558364,25.00215026,25.18070081,23.95915081,24.26501536,24.59881133,25.1452382,,,
Albania,ALB,22.96157928,22.70311049,22.4828964,22.29713188,22.14201178,22.01373098,21.95188313,21.97760117,22.0593889,22.1657501,22.26518857,22.36600621,22.48278512,22.59344935,22.67592295,22.70812997,22.5109696,22.04122997,21.48066857,21.01104291,20.81411047,22.79990425,20.96272041,19.40753225,19.36794422,19.12155731,17.60216399,18.55524382,19.04618623,15.70470712,15.70700364,,,
Andorra,AND,16.82718511,16.45786883,16.14398058,15.88739776,15.68999774,15.5536579,15.57228332,15.76247253,16.01014313,16.20121271,16.22159887,16.03989638,15.73220439,15.34569712,14.92754875,14.5249335,14.05871522,13.49523551,12.94988519,12.53805507,12.37513595,13.47329485,12.25931464,11.26985633,10.43599927,11.10889365,10.1068248,10.02191904,9.895806387,9.010874653,9.080280591,,,
Arab World,ARB,,,,,,,,,,,,,,,,,,,,,,,,,,,,,,,,,,
United Arab Emirates,ARE,44.29661141,44.20734235,44.1327883,44.07609257,44.04039846,44.02884928,44.04471666,44.08077813,44.1244358,44.16309179,44.18414825,44.18971037,44.18609605,44.16702645,44.12622271,44.05740599,43.83308321,43.42096151,42.95756231,42.57940708,42.42301723,46.48971729,49.85857049,43.67173152,38.4444709,48.3475759,43.08197082,44.24850564,45.98790614,41.95562632,36.30550308,,,
Argentina,ARG,18.9601696,19.01303052,19.01869992,18.98317939,18.91247054,18.81257498,18.6337466,18.35561436,18.02824245,17.70169509,17.42603648,17.18387377,16.92351427,16.64357241,16.34266265,16.01939943,15.58776752,15.04272924,14.50436528,14.09275635,13.92798315,14.23893067,13.35716185,14.76436999,13.95005931,14.62455147,14.27005945,13.96901748,14.18508004,14.39962389,14.9081738,,,
Armenia,ARM,28.21728701,28.1988591,28.16735244,28.12458845,28.07238855,28.01257415,27.92098089,27.79285462,27.65913213,27.55075018,27.49864555,27.48281267,27.48480266,27.53788736,27.67533861,27.93042826,28.40405947,29.22198605,30.45475588,32.17291681,34.44701668,41.81072554,43.28961483,41.05050048,38.63923761,38.11485869,35.86090788,34.01535699,34.20136607,32.66182353,30.57963348,,,
American Samoa,ASM,6.433882478,6.401709274,6.376169898,6.356748388,6.342928783,6.334195121,6.380127523,6.497820947,6.63803169,6.751516045,6.78903031,6.770378147,6.74783747,6.72087595,6.688961261,6.651561073,6.599521431,6.522755649,6.419332302,6.287319968,6.124787222,5.787132649,5.899522844,6.036480597,6.38148164,6.345876885,6.929692827,6.923399181,6.981745567,6.728531738,6.715147395,,,
Antigua and Barbuda,ATG,19.2849436,19.07104766,18.89063182,18.74879849,18.65065008,18.601289,18.62777423,18.72129123,18.83313213,18.91458907,18.91695418,18.73727981,18.38213129,17.96707031,17.60765856,17.41945769,17.40900268,17.47210283,17.55823134,17.61686142,17.59746629,17.22854904,17.56228932,18.06479183,18.15213999,19.79631979,19.9208793,19.01594941,18.92330072,19.05846316,19.69826956,,,
Australia,AUS,7.755718641,7.66990742,7.594672167,7.531229825,7.480797335,7.444591642,7.431973902,7.44167605,7.458971185,7.46913241,7.457432827,7.388953462,7.26633772,7.131202273,7.02516379,6.989838942,7.048149504,7.166298108,7.300822705,7.408261246,7.445151684,7.320706635,7.532800294,7.43314062,7.387603021,7.18466162,7.200695624,7.428535959,7.741219204,9.330990316,8.251717461,,,
Austria,AUT,23.35874588,23.2910321,23.14053746,22.92228554,22.65129991,22.34260414,21.84105484,21.09732662,20.28517002,19.57833559,19.15057389,18.94706626,18.77850993,18.61692924,18.43434851,18.2027921,17.80247062,17.23162298,16.63931587,16.17461603,15.98659014,16.36763176,14.71990119,14.6599487,12.95414547,13.59996354,12.51437957,12.15575923,12.58619345,11.46459378,10.93351368,,,
Azerbaijan,AZE,19.37142119,19.8908556,20.31036942,20.62449776,20.82777576,20.91473853,20.83948072,20.61092884,20.30586582,20.00107463,19.77333822,19.59448026,19.41070059,19.2603464,19.18176491,19.21330331,19.43435503,19.91347647,20.67275929,21.73429513,23.12017567,27.42810615,29.18058784,28.23398287,26.41920821,25.18672205,24.35279688,23.24218815,23.23609235,22.02383494,21.72699998,,,
Burundi,BDI,29.42271109,29.5299432,29.6358595,29.73299873,29.81389962,29.87110093,29.9520241,30.0826026,30.22314324,30.33395283,30.37533817,30.2604722,29.99535313,29.6795257,29.41253464,29.29392471,29.28782993,29.29504729,29.32011597,29.36757513,29.44196394,30.46916592,30.6146105,29.7513342,31.2135166,30.12074632,30.76306237,29.30396985,28.33849949,28.77473699,29.65413451,,,
Belgium,BEL,23.14289623,22.97207419,22.75375966,22.49489724,22.20243151,21.88330707,21.4791053,20.97112415,20.42588306,19.9099015,19.48969892,19.07773735,18.59226938,18.10850027,17.70163525,17.4468796,17.330608,17.26349728,17.20720587,17.12339224,16.97371483,16.36627396,15.21500846,14.36978731,12.90035871,13.33904294,12.39390071,12.76915779,12.4925875,11.21437918,11.21606647,,,
Benin,BEN,56.74970345,54.11956501,52.23444994,51.00211276,50.33030803,50.12679028,51.21552787,53.81191711,56.91085452,59.5072366,60.59595987,58.95971078,55.05375246,50.3818465,46.44775444,44.75523786,44.70142445,44.68214547,44.69921775,44.75445817,44.84968358,47.39275907,51.56281882,42.08812525,42.01125969,66.65612843,59.47934062,58.38795872,54.05626794,46.56252753,51.0478242,,,
Burkina Faso,BFA,57.09764127,55.12355828,53.80648461,53.02099997,52.64168407,52.54311661,53.56411652,55.99939492,58.90736977,61.34645908,62.37508081,62.33796493,62.22401481,62.05790854,61.86432418,61.66793982,61.43723191,61.09445868,60.59497088,59.89411929,58.94725464,55.57161301,61.76290447,48.60569039,49.91956418,71.87324446,66.09171173,60.31006928,58.1036119,50.70572336,58.4706762,,,
Bangladesh,BGD,53.17898242,52.97962088,52.82396634,52.7113363,52.64104825,52.61241968,52.63500524,52.71360444,52.84040204,53.00758283,53.20733159,53.53715577,53.99898917,54.44165602,54.71398059,54.6647871,53.19754595,50.07523823,46.43595425,43.4177843,42.1588187,52.29511106,65.16383893,64.3758949,68.32836451,64.10842952,63.67841413,58.34397664,59.51357785,50.36452654,42.38137624,,,
Bulgaria,BGR,27.26248798,26.85663164,26.48459056,26.14319034,25.82925656,25.53961481,25.29156911,25.10905749,24.99885654,24.96774286,25.02249305,25.14789716,25.30239546,25.45323983,25.56768215,25.61297431,25.33392705,24.66879437,23.87499308,23.20993999,22.93105189,26.19141438,23.08638116,21.49005296,21.99215001,20.79369013,19.97916741,20.03378582,19.71598301,17.53802566,17.14742361,,,
Bahrain,BHR,68.5869119,67.14326766,66.0241209,65.22661342,64.74788702,64.58508349,64.84243184,65.52672467,66.48894924,67.5800928,68.6511426,70.0596873,71.9559586,73.87990835,75.37148836,75.97065049,74.65280846,71.51083505,67.76087069,64.61905577,63.3015307,66.7273264,70.0606736,68.14470192,59.14997351,71.55949784,64.21930353,61.2374946,71.88723284,59.96551749,58.49506298,,,
"Bahamas, The",BHS,19.10152616,18.98823514,18.9053224,18.85284325,18.83085299,18.83940694,18.93753825,19.13473385,19.35672968,19.52926168,19.57806579,19.41659081,19.07531032,18.65549744,18.2584253,17.98536702,17.81436551,17.66274115,17.54068329,17.45838131,17.42602457,17.64185623,18.035816,17.72112359,18.53874842,19.12563118,18.49778337,18.36124641,18.57967994,18.56595289,18.93939187,,,
Bosnia and Herzegovina,BIH,35.70254113,35.26566932,34.93998015,34.71478691,34.57940288,34.52314135,34.69672165,35.16320422,35.78041403,36.40617605,36.89831526,37.36141809,37.91918642,38.45811844,38.86471233,39.02546625,38.63295094,37.69695289,36.57979392,35.64379587,35.25128056,39.40316432,35.50467113,33.74190455,32.4817989,33.80553101,30.38467695,30.90182078,32.49899221,26.71579225,26.60195327,,,
Belarus,BLR,32.87289244,32.24505794,31.637417,31.05701197,30.5108852,30.00607905,29.56666311,29.17775965,28.78799001,28.34597554,27.80033759,26.82516929,25.37088644,23.80059445,22.47739871,21.76440462,21.55566149,21.44929307,21.36451639,21.2205485,20.93660644,18.69535508,18.06753962,18.97352489,19.39747138,17.60592812,15.83194348,15.77751323,16.98254003,15.61779259,14.60899038,,,
Belize,BLZ,28.41054298,27.83035865,27.33225939,26.94122286,26.68222674,26.58024867,26.64036505,26.80358668,26.99879285,27.15486289,27.2006761,26.99329616,26.52027767,25.90623632,25.27578777,24.75354769,24.25890025,23.69638241,23.16833902,22.77711493,22.625055,25.01672143,23.70910477,26.87327821,26.76633079,27.55667482,25.608807,26.17511656,26.7474103,26.14653347,28.65180702,,,
Bermuda,BMU,9.086681,9.060370028,9.039041249,9.02166514,9.007212183,8.994652857,9.032174858,9.133648718,9.246569174,9.318430962,9.296728816,9.165103281,8.962578116,8.71972288,8.467107133,8.235300435,8.024546388,7.813627662,7.600922426,7.384808846,7.163665091,6.915391947,6.972502777,6.612591534,7.053814874,6.974482694,7.542735262,7.671249721,7.397566781,7.206799052,7.336000525,,,
Bolivia,BOL,82.79136906,82.38992188,81.66515411,80.67878813,79.4925463,78.16815099,75.94267959,72.53544881,68.73154001,65.31603454,63.07401375,61.94814473,61.18546741,60.52762245,59.71625053,58.49299231,55.24069604,49.43801495,42.47029718,35.72289089,30.58114421,27.31829333,28.06975414,26.0957497,26.94154491,27.45747117,28.05461403,26.54186339,25.16675904,24.48499244,22.87945907,,,
Brazil,BRA,15.36373075,15.40554314,15.44139396,15.4723738,15.49957322,15.52408281,15.5458288,15.56301887,15.57416582,15.57778245,15.57238156,15.55281271,15.51760079,15.47077157,15.4163508,15.35836426,15.25038635,15.08730864,14.93513267,14.85986001,14.92749218,15.5394718,14.60074141,13.88973204,13.79164878,12.40420076,12.10850381,12.21933885,12.25164015,12.34884009,12.1793252,,,
Barbados,BRB,23.71995487,23.45273447,23.22370953,23.04336677,22.92219291,22.87067465,22.90700365,23.00952319,23.12894736,23.21599031,23.22136616,22.97999105,22.47220904,21.86687606,21.33284806,21.03898098,20.98905004,21.03404841,21.11365899,21.16756465,21.13544831,20.74504942,21.18461414,21.79444675,22.39381112,24.17875362,24.41507574,23.28781093,23.26518522,23.32554309,23.73096578,,,
Brunei Darussalam,BRN,8.370724168,8.120196087,7.891232078,7.692423209,7.532360544,7.419635149,7.34134211,7.277497142,7.22607225,7.18503944,7.152370717,7.144199984,7.163598698,7.18894519,7.198617793,7.17099484,7.044498108,6.820393116,6.571323808,6.369934127,6.288868017,7.225343252,7.641740714,7.810452268,8.038402569,7.76801291,7.708093727,7.230648954,7.494855877,7.945858113,7.597265034,,,
Bhutan,BTN,31.94184725,31.7529006,31.61939849,31.53820376,31.50617925,31.52018778,31.61064067,31.79051734,32.03053283,32.30140216,32.57384036,32.91600699,33.34418245,33.75126304,34.03014503,34.07372473,33.14962238,31.1047419,28.70090506,26.69993366,25.86364946,30.4700767,38.13157147,37.41624372,40.29815305,37.48569113,36.94161228,33.81151504,34.08388194,30.05189776,23.94565764,,,
Botswana,BWA,19.67367736,19.54684697,19.44906352,19.37995153,19.33913556,19.32624013,19.35133425,19.41616675,19.50788189,19.61362395,19.72053722,19.83907298,19.98635443,20.15953377,20.35576315,20.57219477,20.85047794,21.20705755,21.60127914,21.99248827,22.34003048,22.67685205,22.70255377,21.23413348,21.10215117,22.04614509,21.25225331,19.96632322,19.91104108,19.20354844,18.90575499,,,
Central African Republic,CAF,32.83474669,32.72071409,32.64829268,32.60966493,32.59701333,32.60252036,32.76640766,33.1400609,33.58240863,33.95237941,34.10890181,33.93057269,33.50162558,32.989444,32.56141147,32.38491152,32.42908325,32.54653419,32.72985047,32.97161826,33.2644237,34.73876755,36.12711803,33.66423378,31.91562444,38.59993767,34.41081479,33.88538316,31.97409776,34.91437601,34.43341845,,,
Canada,CAN,10.54542357,10.52199308,10.48357624,10.43372191,10.37597893,10.31389616,10.22572567,10.10433877,9.975213146,9.863826465,9.795656408,9.760864765,9.728108682,9.690608872,9.641586043,9.574260908,9.401820852,9.080262352,8.66701975,8.219527388,7.795219609,7.372876382,7.585589152,7.260966323,7.380929883,7.115761831,6.406751551,7.044920253,7.091751113,6.226801693,6.565669944,,,
Central Europe and the Baltics,CEB,,,,,,,,,,,,,,,,,,,,,,,,,,,,,,,,,,
Switzerland,CHE,19.48316338,19.32357806,19.12559566,18.89474531,18.63655614,18.35655728,18.01046619,17.58320842,17.12412521,16.68255784,16.30784754,15.93809194,15.50904039,15.06651172,14.65632479,14.32429843,14.03545021,13.74821639,13.49854377,13.32237919,13.25566948,13.86473184,12.68274858,12.44329608,10.6156285,11.72260824,10.656646,9.914814645,10.14815928,9.450018754,9.061049686,,,
Channel Islands,CHI,,,,,,,,,,,,,,,,,,,,,,,,,,,,,,,,,,
Chile,CHL,27.01595942,26.82192276,26.69619925,26.62773296,26.60546796,26.61834829,26.80485645,27.20355414,27.65350431,27.99376991,28.06341387,27.87502477,27.56663367,27.16546725,26.69875218,26.19371515,25.43132188,24.35825346,23.25030965,22.38329021,22.03299489,22.8717892,21.91471808,23.76250281,23.03175377,24.27822981,24.22184248,23.41160413,23.05121303,22.73239277,23.2750668,,,
China,CHN,49.29828357,49.06723255,48.89242284,48.79136924,48.78158654,48.88058953,49.08138047,49.34862559,49.6573356,49.98252123,50.29919318,50.62804896,50.9679257,51.26104362,51.44962297,51.47588394,50.96967057,49.88626029,48.6560235,47.70933061,47.47655199,51.3499437,48.12072511,58.46622156,54.5688343,50.83253796,46.83246825,45.83693362,40.26638752,37.54757537,34.81052372,,,
Cote d'Ivoire,CIV,50.62186065,47.31994038,44.84185227,43.13585279,42.15019836,41.83314546,42.97279274,45.69041317,48.93402466,51.6516451,52.79129238,52.44920162,51.56637072,50.35796177,49.03913686,47.82505806,46.47958448,44.84742896,43.26503422,42.06884297,41.59529794,49.54970207,51.35588903,40.06595637,38.93233491,61.95460978,55.65398553,50.66544217,50.8958061,44.33242667,49.49778273,,,
Cameroon,CMR,43.72224894,42.18202989,41.06990565,40.33657313,39.93272923,39.80907084,40.42968813,41.90962168,43.67599399,45.15592754,45.77654483,45.26271716,44.01346907,42.46715297,41.06212124,40.2367263,39.90400055,39.65812606,39.45917971,39.26723842,39.04237906,38.59233058,41.85374145,37.1006966,37.00906903,51.94994524,44.76925343,43.21490771,40.88755967,40.73557619,39.8126251,,,
"Congo, Dem. Rep.",COD,24.5776348,24.79675674,25.00146655,25.18345311,25.33440529,25.44601194,25.53427617,25.62061116,25.70482089,25.78670939,25.86608064,26.01607604,26.25963397,26.52125399,26.72543563,26.79667843,26.70376288,26.51171416,26.2893989,26.10568371,26.02943522,26.60053389,26.70774842,26.11667673,26.90586819,28.46187088,26.75502951,26.844658,26.72277431,26.33793289,26.64948332,,,
"Congo, Rep.",COG,24.22280694,24.3801773,24.56142918,24.75980118,24.96853192,25.18086002,25.45047867,25.80321142,26.19049235,26.56375554,26.87443508,27.18841109,27.5563371,27.90680737,28.16841612,28.26975761,28.14079494,27.83685082,27.47455888,27.17055273,27.041466,27.85799914,28.54475823,28.12029144,27.80599592,30.5591063,28.21607872,28.5831068,27.96446623,28.74841721,28.57374995,,,
Colombia,COL,26.47487559,26.30133928,26.14064108,25.98950815,25.84466763,25.70284667,25.62394775,25.62226732,25.62612348,25.56383434,25.36371802,24.82457791,23.92935361,22.88256755,21.88874213,21.15239976,20.60039193,20.06416392,19.60512884,19.2846998,19.16428992,20.55183771,18.14308603,18.92824886,18.33821148,17.60797874,17.31221549,17.25285225,16.04928757,14.5158658,14.18325149,,,
Comoros,COM,10.55434224,10.4570577,10.39854434,10.36917149,10.35930848,10.35932463,10.54178316,10.97478316,11.49199786,11.92710046,12.11376415,12.10936373,12.08579025,12.04849141,12.00291486,11.95450827,11.86286004,11.71373815,11.55185965,11.42194161,11.36870108,12.34368037,11.63964717,12.26758906,11.39615929,11.90892803,12.20417485,10.85987786,11.62829076,10.41272005,11.93327241,,,
Cabo Verde,CPV,42.97168829,42.81895697,42.72854445,42.68538992,42.67443257,42.68061162,43.28502714,44.71225898,46.41246601,47.83580706,48.432441,47.52681826,45.22335498,42.14215861,38.90333661,36.12699643,33.4651818,30.49945921,27.7442202,25.71385632,24.92275913,42.20199122,51.11123349,36.41467588,31.35084589,51.42041369,43.03149009,53.86926236,31.73842295,39.35191352,42.32252209,,,
Costa Rica,CRI,20.71916317,20.50900923,20.34882462,20.23625541,20.16894769,20.14454755,20.28421684,20.61762563,21.00518233,21.30729536,21.38437311,21.25036222,21.02862425,20.74369003,20.42009043,20.08235626,19.60908454,18.96732435,18.31428459,17.8071742,17.60320209,19.42518367,17.93692329,18.49015893,17.553961,17.66361551,16.89735629,17.16587534,15.13074363,13.37664409,14.30757125,,,
Caribbean small states,CSS,,,,,,,,,,,,,,,,,,,,,,,,,,,,,,,,,,
Cuba,CUB,20.92157155,20.64558934,20.43088197,20.27809423,20.18787091,20.1608568,20.29433152,20.604977,20.97254149,21.27677326,21.39742057,21.20630854,20.75606115,20.19762491,19.68194634,19.35997194,19.19549163,19.0582325,18.95804684,18.90478694,18.90830509,19.67207389,19.62763655,19.91134939,20.76206027,21.40051655,19.74760389,20.13278651,20.91536648,20.34311224,21.23672428,,,
Curacao,CUW,,,,,,,,,,,,,,,,,,,,,,,,,,,,,,,,,,
Cayman Islands,CYM,,,,,,,,,,,,,,,,,,,,,,,,,,,,,,,,,,
Cyprus,CYP,19.49737906,19.9045162,20.2539222,20.54317034,20.76983393,20.93148623,20.96692337,20.85881418,20.67054109,20.46548652,20.30703288,20.18140931,20.03596158,19.87574701,19.70582297,19.53124678,19.32343618,19.07761312,18.83454122,18.63498412,18.51970543,18.48750179,16.87664944,16.24066749,16.11148336,16.91221478,14.48133425,15.10712261,15.24949999,15.00666147,13.50870189,,,
Czechia,CZE,25.72029703,25.53405465,25.26156481,24.91803115,24.51865734,24.07864699,23.4020539,22.45060148,21.47599781,20.729951,20.46416915,20.69390256,21.15748509,21.69125023,22.13153143,22.31466217,22.16830993,21.81930174,21.40271035,21.05360852,20.90706902,21.01411848,19.28828088,18.93363849,18.36174831,17.81281111,16.99289917,16.94327843,17.34674382,14.2336874,14.11107114,,,
Germany,DEU,22.52620215,22.20709568,21.85870331,21.48302484,21.08206004,20.65780868,20.16692963,19.60711598,19.04191889,18.53488952,18.14957903,17.80805648,17.42512097,17.05341866,16.74559574,16.55429837,16.46733402,16.41788403,16.3766554,16.31435512,16.2016902,15.71617116,13.90785926,13.66339682,12.28224809,12.82535251,11.7806959,11.89784511,11.6526031,10.63784953,10.28768943,,,
Djibouti,DJI,37.20444289,36.23316437,35.6404846,35.33384815,35.2206996,35.20848348,36.01479199,37.92682857,40.20645473,42.11553199,42.91592185,42.46525859,41.38958844,40.10339083,39.02114521,38.55733103,38.64805846,38.95662273,39.48828088,40.24828994,41.24190694,44.85043435,49.94589026,47.87596036,42.84276234,45.16489347,44.09597154,44.08540384,43.05730569,39.72185739,35.92433048,,,
Dominica,DMA,20.48240575,20.26644155,20.08246508,19.93716604,19.83723412,19.78935899,19.81054868,19.8858752,19.97412424,20.03408151,20.0245327,19.83222844,19.45224258,19.00584566,18.61430819,18.39890072,18.36059215,18.38967576,18.44140862,18.4710478,18.43385038,18.06562815,18.60395066,19.05418632,19.28370033,21.02139051,21.02693109,20.17032266,20.31272567,20.04342444,20.66729982,,,
Denmark,DNK,18.39263452,18.00910104,17.64471843,17.29941493,16.97311877,16.66575819,16.40278461,16.19361835,16.01414095,15.84023395,15.64777889,15.39541236,15.08175255,14.7426534,14.41396883,14.1315528,13.86452435,13.58544206,13.33531922,13.15516912,13.08600502,13.35567895,10.81145609,10.39632879,10.81048908,10.22672701,9.234317032,10.09455952,10.35393406,9.611972854,9.069839273,,,
Dominican Republic,DOM,17.76492881,17.55441029,17.42514758,17.35996305,17.34167906,17.35311797,17.54241309,17.9651417,18.46529208,18.88685251,19.0738113,19.01261882,18.83237347,18.59103551,18.34656523,18.15692289,18.00881106,17.85924372,17.72164831,17.60945224,17.53608296,17.47133115,17.64682051,17.66345514,18.93966371,19.95718476,19.24917224,19.12032993,19.58928026,19.49681819,19.82674404,,,
Algeria,DZA,22.35936995,22.73088781,23.1553408,23.62641851,24.13781054,24.68320649,25.41090842,26.335955,27.25214078,27.95326031,28.23310812,28.13193067,27.8679443,27.50189844,27.09454247,26.70662581,26.33557009,25.93054224,25.47990961,24.97203955,24.39529939,23.57210779,24.39681643,22.38026402,24.11112295,25.61886583,25.55315255,24.75214578,24.93359006,24.38860864,25.55265583,,,
East Asia & Pacific (excluding high income),EAP,,,,,,,,,,,,,,,,,,,,,,,,,,,,,,,,,,
Early-demographic dividend,EAR,,,,,,,,,,,,,,,,,,,,,,,,,,,,,,,,,,
East Asia & Pacific,EAS,,,,,,,,,,,,,,,,,,,,,,,,,,,,,,,,,,
Europe & Central Asia (excluding high income),ECA,,,,,,,,,,,,,,,,,,,,,,,,,,,,,,,,,,
Europe & Central Asia,ECS,,,,,,,,,,,,,,,,,,,,,,,,,,,,,,,,,,
Ecuador,ECU,46.99345808,46.54614263,46.11345139,45.6940884,45.28675769,44.8901633,44.49112384,44.09593523,43.73251755,43.42879084,43.21267515,43.11107157,43.08139741,43.04734706,42.9326149,42.66089535,40.66499989,36.28669716,30.81311723,25.53139016,21.72864603,19.59193301,20.86503769,19.85926207,20.2791789,20.17296397,20.73991696,19.24593286,18.38668341,17.76993165,16.65702108,,,
"Egypt, Arab Rep.",EGY,57.42674819,60.08160376,62.25352702,63.88114201,64.90307275,65.25794327,64.71088589,63.4051112,61.84636067,60.54037576,59.99289795,60.08159059,60.33264844,60.72461002,61.23601387,61.84539851,63.78294495,67.46148195,71.63351964,75.05156815,76.46813762,62.04861638,61.72475587,70.14845997,66.12149608,67.64896316,61.4577553,58.93533841,65.46313016,67.75290209,54.85870565,,,
Euro area,EMU,,,,,,,,,,,,,,,,,,,,,,,,,,,,,,,,,,
Eritrea,ERI,42.71482812,41.41870093,40.44705496,39.7789527,39.39345662,39.26962921,39.71874144,40.78964753,42.06778482,43.13859062,43.58750227,43.22942618,42.37484535,41.35256201,40.49137837,40.12009665,40.15858883,40.27849304,40.43626071,40.58834328,40.69119219,40.86248558,42.90584229,43.47404464,35.77756355,41.14963609,39.60732622,41.40454118,41.56138215,36.26612855,32.35152064,,,
Spain,ESP,16.43451333,16.09772279,15.80717956,15.56391639,15.36896599,15.2233611,15.24626829,15.46872567,15.75957329,15.98765117,16.02179936,15.84757938,15.56447295,15.21220044,14.83048221,14.45903862,14.02204091,13.49055744,12.9746542,12.58439719,12.42985241,13.42004829,12.0395433,11.25059561,10.57985921,11.2555313,10.33883611,10.43666705,10.18457449,9.353543397,9.581054607,,,
Estonia,EST,14.16775456,14.07166745,13.94096539,13.78087772,13.59663375,13.3934628,13.14871697,12.84916157,12.51414579,12.16301879,11.81512974,11.39228624,10.865989,10.33012686,9.878588666,9.605263268,9.491502117,9.428737755,9.375980663,9.29224132,9.136530205,8.276636196,7.990138869,8.081221799,8.707678881,7.184960633,6.878352797,6.154852382,7.796681106,6.844825147,6.14573291,,,
Ethiopia,ETH,26.01815128,24.72777459,23.77895403,23.14020544,22.78004467,22.66698756,23.12587611,24.23017336,25.57132669,26.74078349,27.32999115,27.45694338,27.53349724,27.59189512,27.6643794,27.78319248,28.08627842,28.62669516,29.30935591,30.03917389,30.72106231,31.42915595,32.64396306,32.2039077,29.7131512,31.44360902,30.92712568,30.41206651,30.26233922,28.68769463,27.30532765,,,
European Union,EUU,,,,,,,,,,,,,,,,,,,,,,,,,,,,,,,,,,
Fragile and conflict affected situations,FCS,,,,,,,,,,,,,,,,,,,,,,,,,,,,,,,,,,
Finland,FIN,9.252752593,9.148946699,9.040494158,8.927173585,8.808763597,8.685042808,8.546880648,8.395099475,8.244407301,8.109512137,8.005121995,7.918639881,7.828031086,7.733847046,7.636639201,7.536958987,7.434183442,7.327668335,7.217933193,7.105497548,6.990880929,6.870394552,6.231156295,5.852852677,6.118573163,5.625008546,5.278134567,5.126739613,5.496957363,5.378670328,4.895180902,,,
Fiji,FJI,10.16959313,9.964458005,9.839392212,9.775661875,9.754533117,9.757272059,10.10762037,10.93293014,11.91988315,12.75516117,13.12544595,13.11907825,13.0520185,12.952378,12.84826807,12.76780002,12.69848962,12.61688854,12.53466193,12.46347492,12.41499268,12.48716076,12.69281837,12.65568574,12.14271622,11.9373871,12.32842427,12.30804019,12.73530387,12.91237731,12.41879817,,,
France,FRA,18.30549575,18.11751466,17.92264517,17.71943348,17.50642578,17.28216825,17.0410325,16.78748658,16.53522133,16.29792758,16.08929618,15.88029279,15.6420885,15.38868229,15.13407314,14.89226004,14.6287317,14.33399712,14.05958574,13.85702699,13.77785029,13.79747194,12.55858852,12.45829227,10.68767467,11.34429766,10.50815481,10.45831237,10.45994533,9.825246005,9.600381448,,,
Faroe Islands,FRO,,,,,,,,,,,,,,,,,,,,,,,,,,,,,,,,,,
"Micronesia, Fed. Sts.",FSM,12.43750547,12.32080234,12.24651964,12.2072815,12.19571206,12.20443545,12.31482687,12.55484641,12.83699549,13.07377552,13.17768793,13.1352254,13.01651081,12.85949085,12.70211223,12.58232164,12.49616846,12.41143267,12.32365691,12.22838379,12.12115593,11.9522661,12.01310275,12.22625086,11.76059725,12.60656117,11.56496763,11.44238489,12.0885597,12.33587911,12.11442033,,,
Gabon,GAB,27.24778091,26.96227794,26.7698013,26.65338507,26.59606335,26.58087021,26.72982554,27.08477929,27.50851068,27.86379892,28.0134232,27.92319556,27.70071784,27.42145398,27.16086794,26.99442366,26.88797604,26.77040918,26.66173078,26.58194856,26.55107024,27.16768002,26.82598906,27.78038275,26.2746904,30.73902463,29.76796607,27.16910842,27.03830514,27.52418958,29.95487346,,,
United Kingdom,GBR,18.66115781,18.54944884,18.40223764,18.22492987,18.02293119,17.80164728,17.52075449,17.16605475,16.78214204,16.41361037,16.10505372,15.82429322,15.51396003,15.18086316,14.83181165,14.47361454,14.03336526,13.50487888,12.99504682,12.61076053,12.45891145,13.01105983,11.48446141,11.39361967,10.80764546,10.46027285,10.03597211,10.38142014,10.23978549,9.945698693,9.912885603,,,
Georgia,GEO,16.81100629,16.945399,17.03015132,17.06868515,17.06442239,17.02078494,16.86410261,16.57042934,16.21777316,15.88414213,15.64754428,15.48587963,15.34041908,15.234227,15.19036779,15.23190583,15.42106514,15.81764516,16.44107335,17.31077715,18.44618402,22.19918141,23.06312599,22.25175769,20.97917548,20.33047365,19.31396689,18.53426896,18.45423844,17.61830215,17.04384211,,,
Ghana,GHA,60.84589948,56.87535025,53.8815753,51.81032761,50.60736015,50.21842589,51.55878229,54.75501677,58.56987729,61.76611178,63.10646818,61.75777732,58.50799901,54.55157468,51.08294575,49.29655363,48.78541182,48.35785834,48.03132141,47.82322922,47.75100997,52.80143161,56.95704233,44.73062367,43.96272936,68.01122849,62.88896429,60.35903417,56.00418258,49.6566317,54.24278731,,,
Gibraltar,GIB,,,,,,,,,,,,,,,,,,,,,,,,,,,,,,,,,,
Guinea,GIN,48.85569722,47.45983232,46.27682835,45.36259902,44.77305805,44.56411912,44.76837665,45.25546478,45.83685682,46.3240261,46.52844592,46.2915149,45.71955326,45.02141677,44.40596116,44.0820422,43.98174361,43.90491347,43.86205404,43.86366754,43.92025622,45.73554951,47.84514747,37.44481107,39.84963663,54.27766809,49.6336311,49.7395461,48.41239674,42.87810689,43.76744501,,,
"Gambia, The",GMB,61.22257862,61.08753056,60.97740229,60.89248714,60.83307845,60.79946957,60.82585001,60.91116877,61.00285842,61.04835148,60.99508052,60.12178452,58.20261283,55.92811359,53.98883495,53.07532505,52.93034886,52.83830395,52.80218735,52.82499611,52.90972723,56.19343048,66.41985059,47.62546975,50.9583279,63.75039343,58.79105609,64.53906317,59.27349287,54.87329162,58.36404022,,,
Guinea-Bissau,GNB,57.07579375,56.18975102,55.43116631,54.83770574,54.44703541,54.29682144,54.39473556,54.65196671,54.96145676,55.21614758,55.30898104,54.58555726,52.89425078,50.88216516,49.19640392,48.48407061,48.51400572,48.62243321,48.80753187,49.06748047,49.40045777,51.05425376,55.8088468,41.54104053,43.55934685,56.92019194,52.69972657,56.78145126,54.14097843,48.50289705,50.21276551,,,
Equatorial Guinea,GNQ,36.07250499,34.39528051,33.09632729,32.17245432,31.62047061,31.43718516,31.9334763,33.11693952,34.52945951,35.71292093,36.20920847,35.62370816,34.21656525,32.51180322,31.03344558,30.30551582,30.13776422,29.99598315,29.88825921,29.82267902,29.80732919,30.90974836,30.27007806,29.58597598,29.85737491,38.49467534,36.53133737,32.75219318,31.39130535,31.55237846,35.37905218,,,
Greece,GRC,24.24292122,24.16884323,24.1190685,24.08730487,24.06726016,24.0526422,24.1063301,24.24395376,24.38834713,24.46234419,24.38877889,24.14883388,23.80196717,23.38842576,22.94845667,22.52230692,22.03116294,21.44685799,20.88560931,20.46363412,20.29714968,21.38335429,18.80951135,17.96008079,16.86992653,17.23720728,15.77503457,15.67241003,15.58401002,14.94190555,14.40892804,,,
Grenada,GRD,24.23313246,23.9558928,23.72712733,23.55597404,23.45157093,23.42305598,23.50019898,23.66374565,23.84929787,23.99245753,24.02882652,23.77806558,23.23052652,22.57784785,22.01166805,21.72362564,21.70008351,21.76567391,21.86943933,21.96042222,21.98766509,21.6067771,22.05410281,22.86590001,23.32492928,25.17774215,25.07688149,24.30147196,24.09698816,24.26473714,24.65724161,,,
Greenland,GRL,7.551455159,7.559912449,7.553275975,7.532949905,7.500338411,7.456845662,7.379927297,7.26263362,7.129760796,7.006104991,6.916462368,6.859112467,6.810878924,6.764374052,6.712210161,6.646999565,6.562318525,6.456460021,6.32911144,6.17996017,6.008693596,5.74056233,6.180185817,6.23885063,6.551713058,6.144690393,6.467248274,7.492154833,6.756305492,6.489507459,6.556247542,,,
Guatemala,GTM,40.92954645,40.65486978,40.36110272,40.05129708,39.72850464,39.39577722,39.0758623,38.76319824,38.41837313,38.00197503,37.47459203,36.54607335,35.13176907,33.50051853,31.9211611,30.66253614,29.59995086,28.52475038,27.5798309,26.90808866,26.65241987,30.2785785,27.30055972,29.0925323,26.7327979,27.40041639,25.21679649,25.18454521,23.22339649,20.21028105,21.63573559,,,
Guam,GUM,8.948228209,8.880718623,8.82009539,8.766335115,8.719414404,8.679309862,8.720557235,8.868168695,9.04783549,9.185248867,9.206100073,9.103276045,8.939517658,8.745297066,8.551086423,8.387357884,8.268786785,8.173274714,8.076133203,7.952673781,7.77820798,7.380915789,7.500947959,8.603966567,8.150542497,10.77679589,8.951240874,8.620619473,10.00656452,9.887840137,9.575105533,,,
Guyana,GUY,24.33507308,24.02541112,23.84701749,23.77152628,23.77057158,23.81578747,24.29591126,25.35552462,26.60002822,27.63482271,28.06530877,27.67492182,26.73731742,25.59322644,24.58337972,24.04850813,23.93752553,23.92764144,23.95203019,23.94386607,23.8363234,23.13275796,24.02027505,23.91241807,24.23118673,25.8352499,25.38549304,25.21647707,25.7636449,26.09207348,25.46066805,,,
High income,HIC,,,,,,,,,,,,,,,,,,,,,,,,,,,,,,,,,,
"Hong Kong SAR, China",HKG,,,,,,,,,,,,,,,,,,,,,,,,,,,,,,,,,,
Honduras,HND,32.01000593,31.58859761,31.23305461,30.94379656,30.72124308,30.56581378,30.58157437,30.78525376,31.0462664,31.23402675,31.21794923,30.87545807,30.24623346,29.44307385,28.5787777,27.76614348,26.85386059,25.76188074,24.70989572,23.91759738,23.60467753,27.5473866,24.20906684,26.21008307,24.19704863,24.69319894,22.88298468,22.05712509,20.51759699,18.14366035,20.31368339,,,
Heavily indebted poor countries (HIPC),HPC,,,,,,,,,,,,,,,,,,,,,,,,,,,,,,,,,,
Croatia,HRV,24.89057849,24.76079503,24.60660857,24.43103146,24.23707609,24.02775481,23.71919601,23.30446208,22.9019664,22.63012233,22.60734325,22.92271001,23.47050606,24.0769486,24.56825483,24.77064198,24.43590678,23.63769207,22.6849842,21.8867695,21.5520343,23.6135683,20.91953659,20.26404131,19.82894091,20.17187104,18.17783133,18.7613906,20.00144978,15.91485399,16.1208593,,,
Haiti,HTI,18.95736867,18.74819359,18.62105921,18.55702239,18.53713999,18.54246889,18.72352468,19.13953493,19.63462449,20.0529182,20.2385409,20.16266278,19.9490168,19.67057193,19.40029713,19.21116136,19.09653579,19.00118374,18.92516245,18.86852916,18.83134111,18.88570067,19.06409408,19.39522239,20.75841618,21.50586329,20.52779838,20.71086317,21.54791555,20.938502,21.35025544,,,
Hungary,HUN,25.26056828,25.23871515,25.11788394,24.91544488,24.64876819,24.33522411,23.7339532,22.78166038,21.7620624,20.95887599,20.65581789,20.82024777,21.15222119,21.53449868,21.84984078,21.98100803,21.8234248,21.44764939,20.99914326,20.62336786,20.46578462,21.30889279,18.93202126,17.85297566,17.93977439,17.98025014,16.23893892,17.02368843,17.50185352,14.64123544,14.13649958,,,
IBRD only,IBD,,,,,,,,,,,,,,,,,,,,,,,,,,,,,,,,,,
IDA & IBRD total,IBT,,,,,,,,,,,,,,,,,,,,,,,,,,,,,,,,,,
IDA total,IDA,,,,,,,,,,,,,,,,,,,,,,,,,,,,,,,,,,
IDA blend,IDB,,,,,,,,,,,,,,,,,,,,,,,,,,,,,,,,,,
Indonesia,IDN,29.83679546,29.53305595,29.21366259,28.88323004,28.54637295,28.20770595,27.8429926,27.43910618,27.01732603,26.59893146,26.20520179,25.85437605,25.52916865,25.19757196,24.82757837,24.38718025,23.88605543,23.31567113,22.6167038,21.72982988,20.59572582,17.91857231,19.5533516,20.10299356,18.53546489,18.67127865,19.13100428,16.95556348,18.43718958,19.4270919,17.8814995,,,
IDA only,IDX,,,,,,,,,,,,,,,,,,,,,,,,,,,,,,,,,,
Isle of Man,IMN,,,,,,,,,,,,,,,,,,,,,,,,,,,,,,,,,,
India,IND,62.00388801,61.25817932,60.64968034,60.17964032,59.84930853,59.65993422,59.72660953,60.07619575,60.57759588,61.09971289,61.51144978,61.90683477,62.37252215,62.76635396,62.94617225,62.76981905,61.19510992,58.02113499,54.3676481,51.35440313,50.10115395,61.70862421,74.00316075,76.25017683,79.03739571,73.81099141,75.78900353,67.31227139,68.12095251,59.89198088,48.39481152,,,
Not classified,INX,,,,,,,,,,,,,,,,,,,,,,,,,,,,,,,,,,
Ireland,IRL,14.26908067,14.15728942,14.03073939,13.89099301,13.73961272,13.57816094,13.38490533,13.15637881,12.92154175,12.70935449,12.54877737,12.42648337,12.3040623,12.17284973,12.02418126,11.8493925,11.5711334,11.18342761,10.78467119,10.47326022,10.34759077,10.54042298,9.588933029,9.194087161,8.844726652,8.811582161,8.110193748,8.384296366,8.298636937,7.892394674,8.170586013,,,
"Iran, Islamic Rep.",IRN,33.82191939,33.85838881,33.94895956,34.08149565,34.24386109,34.4239199,34.7557611,35.27973852,35.84311333,36.2931467,36.47709978,36.30096767,35.88096034,35.37966126,34.95965393,34.78352182,34.9942072,35.55671598,36.36672711,37.31991955,38.31197226,39.61247997,38.00776161,38.75256476,36.37103615,38.69803296,37.48381454,35.01595826,37.67622919,34.01578957,32.28737336,,,
Iraq,IRQ,43.40480248,41.98947242,40.83127757,39.96319315,39.41819436,39.22925642,39.4957863,40.14086495,40.93297859,41.64061343,42.03225569,42.15095349,42.21863064,42.27208692,42.34812207,42.48353586,43.23384006,44.76652314,46.53634987,47.99808507,48.60649351,44.59020542,43.76335815,42.91624625,37.79473333,44.64398884,42.33678519,40.02670907,41.75586361,37.7315693,38.17506998,,,
Iceland,ISL,7.733270832,7.669478816,7.613260827,7.56328775,7.518230472,7.476759882,7.4492749,7.439545156,7.4362976,7.428259179,7.404156844,7.364013509,7.315432387,7.258510879,7.193346385,7.120036303,7.007141437,6.849790485,6.687932693,6.561517303,6.510493562,6.708740317,6.110175404,5.96459941,5.787105614,5.733280953,5.277177726,5.839962796,5.559240656,5.481558072,5.105548275,,,
Israel,ISR,24.62134993,25.43146827,26.10090635,26.62339916,26.9926817,27.20248896,27.1027613,26.67413085,26.10637018,25.5892519,25.31254857,25.22342725,25.14122655,25.06397647,24.98970698,24.91644809,24.84307024,24.76999517,24.69757973,24.6261808,24.55615523,24.48040021,22.10385554,22.57820735,21.17546972,22.10430273,18.81701137,20.02934413,20.56259748,19.55564321,18.59827563,,,
Italy,ITA,29.05838131,28.77940751,28.50198958,28.22167959,27.9340296,27.63459167,27.35125563,27.09726867,26.84621887,26.57169434,26.24728315,25.81274118,25.25716783,24.62816643,23.97334037,23.34029298,22.62268577,21.78825756,20.99572772,20.40381562,20.17124061,21.33536766,18.76568812,18.05409983,16.89368288,17.76001652,15.7011487,15.96602618,16.33543613,14.89368586,14.65863862,,,
Jamaica,JAM,15.70202205,15.44179257,15.2306991,15.07329562,14.97413608,14.93777444,15.00284246,15.16964013,15.38522385,15.59664996,15.75097485,15.84525775,15.91201309,15.95148004,15.96389778,15.9495055,15.9267244,15.8986674,15.84261127,15.73583278,15.5556087,14.94712272,15.42473149,15.77491587,16.45971525,16.8646376,15.95584478,16.65664146,16.84268215,17.0706325,17.41363704,,,
Jordan,JOR,23.40115089,24.61830056,25.59955689,26.32505226,26.77491907,26.9292897,26.64845625,25.97877649,25.17948129,24.50980153,24.22896808,24.63912794,25.67361916,27.03845919,28.43966548,29.58325548,30.58722981,31.65550643,32.62297879,33.32454035,33.59508454,29.66242608,29.02445731,32.67791912,30.20224554,32.11423751,28.37548045,28.38316836,30.89112137,31.25973135,28.77376392,,,
Japan,JPN,13.37278269,13.29348113,13.22619896,13.17147064,13.12983064,13.10181341,13.10080211,13.12642315,13.15857586,13.17715959,13.16207369,13.08372197,12.93949089,12.74975377,12.53488394,12.31525472,12.01742402,11.62145882,11.22799611,10.93767287,10.85112606,12.27425307,12.80684313,13.25425124,13.7406103,12.86853593,12.7990612,13.11982762,13.07903303,12.93787279,12.83520166,,,
Kazakhstan,KAZ,18.94474606,19.02982244,19.05507621,19.02895577,18.95990956,18.85638598,18.58101401,18.08536682,17.51130915,17.00070576,16.69542137,16.56322001,16.48252201,16.46117665,16.50703317,16.62794083,16.8840447,17.35835024,18.09299726,19.1301256,20.51187509,25.4893927,27.20318244,25.84437386,23.8358367,22.5590496,22.76375252,21.01661068,20.5938701,20.85698539,20.02787243,,,
Kenya,KEN,16.28448781,16.30250845,16.35661605,16.44309097,16.55821358,16.69826426,17.25723831,18.37140976,19.65047702,20.70413854,21.14209273,20.89182869,20.29504521,19.58275524,18.98597176,18.73570772,18.97807,19.63839316,20.61653168,21.81234003,23.12567269,25.18221651,25.6442241,24.57576359,23.75138703,24.77606126,24.02118625,19.90155127,20.98756533,19.57052723,24.39179065,,,
Kyrgyz Republic,KGZ,22.02014767,22.16829705,22.30796626,22.43910665,22.56166953,22.67560624,22.78746421,22.89414806,22.98114492,23.03394188,23.03802607,22.9429163,22.75829358,22.55988825,22.42343065,22.42465112,22.63795091,23.11687791,23.90588243,25.0494148,26.59192533,33.45058437,34.38170871,33.82805701,30.54846352,29.74841214,29.0193222,26.85622542,27.45181448,26.76138443,24.38172523,,,
Cambodia,KHM,30.87483049,30.33377328,29.87151139,29.50012274,29.23168523,29.07827679,29.07996251,29.22239325,29.4360256,29.65131614,29.79872148,29.90572447,30.01915929,30.09850954,30.10325879,29.99289064,29.61304767,28.86426229,27.78835274,26.42713726,24.8224341,21.68071077,22.99657911,25.77850235,22.10528804,21.5990289,22.40718101,20.70753128,22.99194255,22.97380172,24.14360228,,,
Kiribati,KIR,10.9730335,11.00375109,11.05026212,11.10885711,11.17582659,11.24746108,11.38361937,11.6061836,11.85447936,12.0678322,12.18556769,12.21136175,12.19716874,12.15473195,12.09579463,12.03210005,11.9542996,11.85076478,11.729819,11.5997857,11.46898831,11.32194117,11.32261412,11.32026841,10.99722879,10.62014423,11.10670562,10.97003858,11.33669959,11.54812068,11.25682725,,,
St. Kitts and Nevis,KNA,9.139871191,9.115935561,9.093137073,9.071385231,9.050589537,9.030659495,9.022754313,9.026948965,9.026526597,9.00477036,8.944963401,8.770222637,8.474615715,8.147851884,7.879640392,7.75969049,7.749388596,7.746525929,7.745418932,7.740384048,7.725737722,7.020546642,7.639147271,7.487080514,7.357520915,8.179100011,8.691046503,8.592314262,8.017597376,7.871598558,8.594307988,,,
"Korea, Rep.",KOR,25.98121022,25.83403313,25.70271058,25.59142131,25.50434404,25.44565751,25.42758585,25.44285366,25.4663904,25.47312552,25.43798849,25.34457248,25.19651308,24.99880342,24.75643662,24.47440579,23.98378064,23.25544772,22.50412546,21.9445323,21.79138667,24.88304504,25.57679161,27.49296584,28.37600754,26.28996201,26.67043441,26.00436711,25.93439201,26.01536343,25.94398995,,,
Kuwait,KWT,54.80304004,52.21513327,50.37869322,49.19239732,48.554923,48.36494769,49.25593735,51.46445558,54.29382626,57.04737326,59.02842044,60.42273055,61.77713529,62.93656198,63.74593795,64.05019054,63.76965572,63.10068807,62.30224281,61.63327516,61.35274034,65.11153441,65.13855841,66.14124619,50.02893187,64.54796443,59.23195606,58.12917197,63.45835545,52.7825055,53.71514344,,,
Latin America & Caribbean (excluding high income),LAC,,,,,,,,,,,,,,,,,,,,,,,,,,,,,,,,,,
Lao PDR,LAO,29.69120714,29.59609982,29.50170184,29.41204295,29.33115288,29.26306138,29.18564546,29.08551031,28.97977788,28.88557017,28.82000911,28.82741068,28.89527399,28.95549575,28.93997267,28.78060147,28.4053139,27.77752698,26.88236538,25.70495372,24.23041667,20.57890117,22.4365697,24.24236261,21.39289979,20.16709886,22.46378728,19.15159822,20.984069,22.42896038,22.31766705,,,
Lebanon,LBN,16.4011832,17.04126097,17.60509767,18.05483448,18.35261256,18.46057307,18.4111216,18.29259542,18.15103325,18.03247382,17.98295583,18.01627136,18.10862327,18.24966652,18.42905604,18.63644677,19.12891925,19.9880976,20.94045219,21.71245335,22.03057144,19.34509354,18.78419579,20.25074642,20.36311985,20.68614677,19.36023611,18.89146139,19.98088996,20.59700906,19.23101729,,,
Liberia,LBR,39.46157826,36.63763583,34.46839953,32.93826487,32.03162736,31.73288253,32.49690708,34.36011151,36.67919192,38.81084445,40.11176521,40.76534994,41.35321456,41.82938544,42.14788898,42.26275158,41.36577209,39.23012175,36.68188543,34.54714805,33.6519945,43.09113061,40.95086225,33.83676235,34.34611358,51.11808732,48.30142678,41.50682371,42.0381018,37.15912536,42.36165903,,,
Libya,LBY,32.81504928,33.77157843,34.63959485,35.35277733,35.84480466,36.04935563,36.05874136,36.02771132,35.98360186,35.95374936,35.96549017,36.44872242,37.62707294,39.21847106,40.94084614,42.51212754,44.19915562,46.19497899,48.10683932,49.54197828,50.10763757,36.57342759,33.03925847,41.82876213,36.29436523,36.08680012,38.1668033,33.68592205,41.42097409,36.48447322,32.9707065,,,
St. Lucia,LCA,23.26778946,22.95122449,22.68639451,22.48532759,22.3600518,22.32259519,22.40104516,22.57120184,22.76666243,22.92102412,22.96788412,22.76236986,22.30738478,21.75819003,21.27004676,20.99821613,20.9474953,20.98234794,21.04753498,21.08781731,21.04795588,20.61192699,21.0465308,21.82441505,22.25781538,23.96770879,24.07613014,23.08332595,23.27295796,23.07050058,23.75858555,,,
Latin America & Caribbean,LCN,,,,,,,,,,,,,,,,,,,,,,,,,,,,,,,,,,
Least developed countries: UN classification,LDC,,,,,,,,,,,,,,,,,,,,,,,,,,,,,,,,,,
Low income,LIC,,,,,,,,,,,,,,,,,,,,,,,,,,,,,,,,,,
Liechtenstein,LIE,,,,,,,,,,,,,,,,,,,,,,,,,,,,,,,,,,
Sri Lanka,LKA,26.24025171,25.84124168,25.53636022,25.31897491,25.18245335,25.12016314,25.24784705,25.59766362,26.03760417,26.43566001,26.65982245,26.72280951,26.72066158,26.64635358,26.49286042,26.25315698,25.85834859,25.24261851,24.40355857,23.33876057,22.04581633,19.30672088,20.91318537,21.9721782,19.78312654,17.91170462,19.52137197,18.34920163,20.84783509,19.77980365,19.96444086,,,
Lower middle income,LMC,,,,,,,,,,,,,,,,,,,,,,,,,,,,,,,,,,
Low & middle income,LMY,,,,,,,,,,,,,,,,,,,,,,,,,,,,,,,,,,
Lesotho,LSO,26.36942322,26.38921925,26.38781299,26.36992153,26.34026199,26.30355147,26.1693734,25.87544399,25.46867945,24.99599603,24.50430994,23.78698343,22.77861368,21.73796933,20.92381905,20.59493148,21.07397801,22.26179388,23.78439353,25.26779138,26.33800187,26.94817199,26.52415764,25.24284933,26.80115603,25.89110637,25.37340802,22.43470122,23.02400268,21.18105939,23.43910132,,,
Late-demographic dividend,LTE,,,,,,,,,,,,,,,,,,,,,,,,,,,,,,,,,,
Lithuania,LTU,22.53932847,22.36922143,22.13131176,21.83546076,21.49152973,21.10937996,20.6411819,20.06129759,19.41287565,18.73906472,18.08301344,17.32761908,16.42954352,15.54258233,14.82053108,14.41718532,14.27657153,14.20387141,14.14461345,14.04432614,13.84853794,12.31945198,12.37312479,12.41317146,12.75774047,11.30285782,10.23294181,9.799936427,11.08385728,10.24650237,9.218938604,,,
Luxembourg,LUX,17.42413558,17.26267643,17.06279171,16.83002075,16.56990285,16.28797733,15.9172701,15.44372964,14.9522792,14.527842,14.25534124,14.09142561,13.93644826,13.79088916,13.65522829,13.52994563,13.42672957,13.34366684,13.26083484,13.15831101,13.01617275,12.72798641,11.37645887,11.70814779,9.997828706,10.39153032,9.613185387,9.608466546,9.291788266,8.459104619,8.674761895,,,
Latvia,LVA,27.69213011,27.44024294,27.12311748,26.74875041,26.32513836,25.86027798,25.31579971,24.67169786,23.96351493,23.22679341,22.4970758,21.60679184,20.50803412,19.41583942,18.5452445,18.11128612,18.00870869,17.96040778,17.92364695,17.85568975,17.71379972,15.52558965,14.98250474,15.40936951,16.09931701,13.65540005,12.60307298,11.66799731,14.20760397,12.48658332,11.6020322,,,
"Macao SAR, China",MAC,,,,,,,,,,,,,,,,,,,,,,,,,,,,,,,,,,
St. Martin (French part),MAF,,,,,,,,,,,,,,,,,,,,,,,,,,,,,,,,,,
Morocco,MAR,20.51348992,20.58957291,20.78790116,21.08028631,21.43854002,21.83447396,22.54478394,23.65674764,24.8580494,25.83637358,26.27940453,26.33670857,26.37323323,26.39973473,26.42696929,26.46569312,26.5559544,26.70157107,26.85895401,26.98451409,27.03466219,25.10259658,23.51702778,22.62626166,22.57564637,25.65354879,24.75459437,28.01615651,23.18562838,20.92990599,21.32126421,,,
Monaco,MCO,10.4915324,10.18907442,10.00767885,9.921492714,9.904663009,9.931336743,10.59341185,12.11463816,13.91694049,15.42224369,16.05247257,15.98367165,15.80260804,15.54729048,15.25572769,14.96592841,14.58960226,14.09170618,13.59011984,13.20272295,13.04739516,14.11977809,12.61696456,11.78031564,10.91377284,11.8411029,10.47251971,10.37645663,10.69549157,9.659078932,9.581069572,,,
Moldova,MDA,34.66767811,34.29935649,33.87652544,33.40584154,32.89396133,32.34754138,31.74993542,31.08498124,30.36006142,29.58255854,28.75985518,27.69582869,26.33698512,24.90465009,23.62014921,22.70480811,22.04607134,21.42512786,20.90391983,20.5443894,20.40847874,20.71069661,20.38358467,19.97948649,18.73711634,18.14789892,17.05611986,15.14239195,17.08079376,15.77281701,14.7583463,,,
Madagascar,MDG,10.70600835,10.58430707,10.51042704,10.47245716,10.45848633,10.45660345,10.5780517,10.87907669,11.26527092,11.64222689,11.91553713,12.07878242,12.2058972,12.32300448,12.45622727,12.63168856,12.85101204,13.11900191,13.46655191,13.92455578,14.52390726,16.01701781,14.70097017,15.50495195,15.00220058,16.07771766,16.13873646,12.55149979,12.72380957,12.79453865,12.75351995,,,
Maldives,MDV,22.0908747,22.0829101,21.97215713,21.77907669,21.5241297,21.22777705,20.61780668,19.593279,18.4315636,17.41003006,16.80604798,16.56951346,16.42794891,16.32516338,16.20496593,16.01116561,15.71448915,15.31800152,14.8140192,14.19485865,13.45283633,12.07395543,12.9660176,13.24011392,11.72584273,10.80856143,12.37548719,11.33337061,12.50346193,12.31398191,12.01239117,,,
Middle East & North Africa,MEA,,,,,,,,,,,,,,,,,,,,,,,,,,,,,,,,,,
Mexico,MEX,32.29922147,32.15655973,32.01379393,31.86939732,31.72184318,31.56960474,31.46993391,31.42816794,31.36490805,31.2007555,30.85631154,29.94440989,28.37541339,26.51621702,24.73371572,23.39480446,22.36966305,21.36375483,20.49690008,19.88891904,19.65963197,22.47363362,20.1560213,20.87393174,19.66785024,19.48648534,18.84491824,18.30022855,16.65218627,14.7051078,14.99234402,,,
Marshall Islands,MHL,11.23847143,11.05386686,10.9309091,10.85990068,10.83114415,10.83494205,10.95402563,11.21540063,11.52578139,11.79188224,11.92041749,11.9175548,11.86431179,11.77967779,11.68264213,11.59219411,11.50738025,11.41376799,11.31012809,11.19523127,11.0678483,10.89049254,10.78379854,10.7702518,10.54062824,10.27291372,10.34455531,10.38342887,10.54290754,10.80311032,10.72561945,,,
Middle income,MIC,,,,,,,,,,,,,,,,,,,,,,,,,,,,,,,,,,
North Macedonia,MKD,42.83739397,42.36821978,41.90548594,41.44646709,40.98843788,40.52867295,40.0256903,39.48881706,38.99154154,38.60735204,38.40973687,38.34652839,38.30513795,38.2684224,38.21923859,38.14044336,37.67876266,36.72145699,35.61218504,34.6946055,34.31237706,40.06468988,35.84244352,32.71691025,33.77753493,31.87247761,30.07992435,30.4645094,31.00453036,25.87868813,26.1186514,,,
Mali,MLI,65.83840792,63.56128903,61.75613189,60.44250558,59.63997915,59.36812166,59.9560841,61.35820532,63.03183621,64.43432762,65.02303043,64.81054745,64.30251894,63.69585198,63.18745363,62.97423097,63.46752476,64.64385517,66.04789836,67.2243305,67.71782775,62.45093735,69.89371112,51.33683035,56.47858194,74.14799084,66.18723029,66.77434433,63.6849309,57.39043743,56.78304892,,,
Malta,MLT,18.05880155,18.15599839,18.22352115,18.26453009,18.28218547,18.27964756,18.21615362,18.07354407,17.88888385,17.6992379,17.54167116,17.37394016,17.16076904,16.94967416,16.78817189,16.72377861,16.75907692,16.84324982,16.94371426,17.02788716,17.06318547,16.10270759,14.1063558,13.3766873,13.48048643,13.68147309,12.53256336,12.90260227,13.11329596,12.59091753,11.72266488,,,
Myanmar,MMR,41.64795526,41.42461303,41.19654277,40.96955621,40.74946508,40.54208112,40.3016074,40.01897778,39.75510021,39.57088261,39.52723292,39.74283906,40.17688759,40.65103441,40.98693543,41.00624655,40.54610498,39.59622415,38.20712431,36.42932571,34.3133486,29.48543984,33.17922386,35.16649866,31.22188927,29.91505392,31.17038664,28.1336718,31.5559917,32.16422796,32.315034,,,
Middle East & North Africa (excluding high income),MNA,,,,,,,,,,,,,,,,,,,,,,,,,,,,,,,,,,
Montenegro,MNE,30.44709716,30.3457962,30.15722843,29.89341065,29.56635968,29.18809233,28.57353724,27.68762447,26.76737294,26.04980157,25.77192927,25.82354806,25.91629357,26.01995019,26.10430229,26.13913424,25.91940923,25.39544959,24.77007841,24.24611877,24.02639376,26.80963573,25.15272565,23.03281976,22.89337515,22.52261353,20.78183612,21.18858349,22.0010575,18.32319576,17.98241006,,,
Mongolia,MNG,19.90871319,19.84150768,19.81809441,19.83636901,19.89422713,19.98956441,20.19862718,20.53704546,20.91179037,21.22983304,21.39814461,21.36892324,21.21574657,21.02765499,20.89368886,20.90288857,21.25740732,22.11441473,23.49547583,25.42215561,27.9160191,35.8767855,38.23185898,36.11908619,32.63102145,33.60181626,34.39485077,31.40669659,30.34078904,31.0839272,29.65478665,,,
Northern Mariana Islands,MNP,9.54436115,9.462412479,9.383943192,9.30910127,9.238034692,9.17089144,9.161771914,9.229067889,9.319364406,9.379246506,9.355299232,9.232313857,9.049883674,8.836796752,8.621841157,8.433804957,8.275803905,8.127482799,7.982423276,7.83420697,7.676415518,7.486991283,7.505251281,8.341325455,7.950176757,10.0354065,8.849925782,8.6644482,9.624129863,9.841435576,9.714630851,,,
Mozambique,MOZ,19.6492489,19.35704016,19.15491843,19.02848213,18.96332968,18.94505949,19.08157655,19.40658147,19.79436613,20.11922244,20.25544227,20.18400714,20.01364981,19.81028909,19.63984379,19.56823271,19.67334901,19.94035879,20.29609026,20.66737163,20.98103112,21.31806106,21.48820918,21.70448685,21.61458571,21.57589505,21.06911773,18.75479866,18.82591935,19.59456447,20.08024843,,,
Mauritania,MRT,78.5620222,79.36814339,80.15390651,80.8979443,81.5788895,82.17537486,82.83006104,83.59986316,84.33479569,84.88487311,85.10010987,83.78080529,80.63293279,76.865018,73.68558655,72.30316407,72.30627695,72.43458083,72.6232952,72.80763956,72.9228334,72.98831295,83.03609208,64.50656978,64.15164703,83.02763439,76.54806529,79.97441808,75.83447869,72.1994109,70.82244421,,,
Mauritius,MUS,8.73603502,8.823964965,8.906561409,8.981945249,9.048237382,9.103558706,9.144503752,9.175615866,9.206939164,9.24851776,9.310395771,9.560666606,10.04846135,10.60538062,11.06302506,11.25299529,11.07757337,10.65242542,10.12922816,9.65965831,9.395392576,9.327235695,9.102718198,9.578834143,9.446592175,9.130273744,8.988295409,8.995949851,9.64568181,9.276666907,9.152968806,,,
Malawi,MWI,21.71966898,20.99928347,20.49321505,20.17030951,19.99941262,19.94937014,20.26573196,21.02124534,21.92555221,22.6882945,23.01911411,23.00779054,22.95545599,22.88878138,22.83443767,22.81909578,22.88596892,23.06525061,23.3640823,23.78960542,24.34896144,26.3935445,26.4999841,25.35241226,25.99733984,25.0076393,24.96046106,21.29094594,21.19738471,22.33702298,23.69831944,,,
Malaysia,MYS,31.52800144,29.9538012,28.5079371,27.24437742,26.21709042,25.48004434,24.94551458,24.48652355,24.09816002,23.77551278,23.51367062,23.33079248,23.21297526,23.10721468,22.96050646,22.71984634,22.14597455,21.15849556,19.9427015,18.68388446,17.56733656,16.55437274,17.91013822,18.79541989,17.10525023,16.92973309,16.38644193,14.94500758,16.65417533,17.81975108,16.19385322,,,
North America,NAC,,,,,,,,,,,,,,,,,,,,,,,,,,,,,,,,,,
Namibia,NAM,20.06516216,19.81543359,19.63566789,19.51769912,19.45336135,19.43448865,19.53899438,19.78669586,20.08228305,20.33044595,20.43587454,20.38208584,20.25058927,20.09306335,19.96118662,19.90663762,19.99846529,20.25608401,20.65672047,21.17760136,21.79595338,23.09481125,22.55597566,21.5709894,21.05535936,22.11922823,21.06041484,19.73912251,19.97485466,19.38784969,19.99453557,,,
New Caledonia,NCL,,,,,,,,,,,,,,,,,,,,,,,,,,,,,,,,,,
Niger,NER,81.72352018,80.00285284,78.85456587,78.17067936,77.84321337,77.76418797,78.57087926,80.52128643,82.93851415,85.14566712,86.46585004,87.09961434,87.67045714,88.13590164,88.45347105,88.58068858,88.52658372,88.37304776,88.18689664,88.03494629,87.98401265,90.96819104,88.56862529,74.58950532,71.65497941,107.1446653,104.9114607,88.7878832,86.02276517,72.4703211,85.12234556,,,
Nigeria,NGA,65.04415796,63.6372318,62.64839586,62.01707823,61.68270704,61.58471039,62.21080101,63.70378633,65.48573656,66.97872188,67.6048125,66.48619527,63.7295341,60.23361478,56.89722306,54.61914472,53.16310581,51.78699229,50.63082981,49.83464402,49.53846057,55.0630391,59.33213913,48.1407325,48.18235517,77.12292826,65.4340627,63.20530513,57.02319906,51.72183886,56.53132873,,,
Nicaragua,NIC,24.94121966,24.70374498,24.50942575,24.36003516,24.2573464,24.20313264,24.31951242,24.63594257,25.01520373,25.32007654,25.41334164,25.32261077,25.1714026,24.96635824,24.71411876,24.42132525,23.82785993,22.8622024,21.81388977,20.97245917,20.62744774,23.01112738,20.41580441,22.19005186,20.33762629,20.81003946,19.66275642,19.19721806,17.52460387,14.98434846,16.80977254,,,
Netherlands,NLD,22.70530867,22.49978571,22.25755857,21.98345244,21.68229248,21.35890387,20.96706547,20.49477932,19.99820532,19.53350339,19.15683342,18.80907727,18.41756012,18.01810689,17.6465425,17.33869186,17.08735395,16.86005379,16.65470537,16.46922272,16.30151984,16.16172959,14.36724828,13.28497803,12.61325867,13.13414501,11.95852158,12.7176558,12.07089176,11.36414195,10.88924985,,,
Norway,NOR,12.06096088,11.86894051,11.68297493,11.50194752,11.32474164,11.15024069,10.99969803,10.87979185,10.76754264,10.63997095,10.4740973,10.18794553,9.77123128,9.308512755,8.884348172,8.583295743,8.371805621,8.173070197,8.006761044,7.892549732,7.850107834,8.659897914,7.306988157,7.027491907,7.092673247,6.752142278,6.230591898,6.521558082,6.696077525,6.381224463,6.055897247,,,
Nepal,NPL,58.06454075,57.71631584,57.43289663,57.21323282,57.0562741,56.96097016,56.97440721,57.11704957,57.3479141,57.62601768,57.91037719,58.28387271,58.76927791,59.23544996,59.55124604,59.58552333,58.32385513,55.5324688,52.25120261,49.51989483,48.37838373,57.74057448,71.40605466,71.4182306,75.11797417,70.93619553,72.40748542,64.64427161,64.21083228,57.27501793,45.72077064,,,
Nauru,NRU,5.648011427,5.791719994,5.927721517,6.053825438,6.167841202,6.267578254,6.356619222,6.433482197,6.488379818,6.511524721,6.493129543,6.440604129,6.372059558,6.29376032,6.211970907,6.13295581,6.048779601,5.952153271,5.850310933,5.750486703,5.659914696,5.561843724,5.466478875,5.638578465,5.447629509,5.647570511,6.085425373,6.442566443,6.142063446,6.026064446,6.064354932,,,
New Zealand,NZL,7.151904704,7.093075806,7.041104982,6.996336833,6.959115959,6.929786963,6.9171692,6.921919787,6.932139964,6.935930969,6.921394043,6.859586486,6.752923298,6.636542274,6.545581207,6.515177891,6.572796298,6.692252415,6.828212054,6.935341025,6.96830514,6.743912979,6.773788491,6.777751609,6.596031764,6.570201642,6.634101903,6.829076186,7.212587214,7.422966715,6.485914997,,,
OECD members,OED,,,,,,,,,,,,,,,,,,,,,,,,,,,,,,,,,,
Oman,OMN,47.65770822,45.29504694,43.423942,42.06362631,41.23333276,40.95229427,41.55633613,43.00058158,44.73321039,46.20240235,46.85633724,46.90931106,46.94291273,46.95626142,46.94847629,46.91867651,46.43754738,45.3496774,44.06504057,42.99361087,42.54536231,49.24816226,52.31078211,47.64907837,41.25635267,47.91899505,45.48033855,48.70468521,49.6250529,44.89776437,39.58357689,,,
Other small states,OSS,,,,,,,,,,,,,,,,,,,,,,,,,,,,,,,,,,
Pakistan,PAK,60.31618053,59.40263005,58.62677218,58.00316896,57.54638246,57.27097473,57.33902017,57.76664587,58.34949293,58.88320248,59.16341563,59.26193463,59.34946089,59.36998418,59.26749427,58.98598095,57.44540129,54.33527038,50.75391506,47.79966219,46.5708386,55.75497917,66.87195407,68.58132487,71.7121701,68.00687676,68.52282972,61.79672747,62.38949764,52.8571977,42.99817342,,,
Panama,PAN,18.58810384,18.31566919,18.09736374,17.9362321,17.83531892,17.79766883,17.93383288,18.26346927,18.65328331,18.96998033,19.08026565,18.9634873,18.7165071,18.38230107,18.00384526,17.62411567,17.13039887,16.48240782,15.83175815,15.33006549,15.12894548,15.89451381,14.67767169,15.38841304,14.85540742,14.77061879,13.8724499,13.84475303,13.21369564,11.88429311,11.47006075,,,
Peru,PER,80.7478103,79.98546068,79.14989063,78.25045323,77.29650158,76.29738879,75.11190259,73.71304038,72.28146981,70.9978585,70.0428741,69.50418968,69.21238018,68.96246601,68.54946756,67.76840522,64.22036979,57.04211482,48.33215486,40.18900445,34.71117815,32.06396535,33.90460616,32.07789014,32.91971095,32.87516932,33.73943229,32.70830669,30.62656868,29.11178546,27.0356285,,,
Philippines,PHL,33.39556134,33.18969059,32.98071129,32.7725422,32.56910207,32.37430965,32.20160796,32.04898532,31.89717852,31.72692433,31.51895951,31.29231909,31.05570388,30.77434936,30.41349103,29.93836438,29.17822658,28.03417224,26.57919297,24.8862804,23.02842614,20.27620072,21.83519619,22.74026369,20.33688244,19.7079276,19.90697164,18.33270181,20.58850778,21.5254372,20.28874171,,,
Palau,PLW,7.738043473,7.599936698,7.477730161,7.374701416,7.294128016,7.239287516,7.215265901,7.215622996,7.226347116,7.233426573,7.222849682,7.199170416,7.173751022,7.142792218,7.102494723,7.049059255,6.88061712,6.567554532,6.214454578,5.925900343,5.806474912,6.552024612,6.910109069,6.833228522,7.368311739,8.936829388,7.011582535,7.001799224,7.892476421,7.745894968,7.327709794,,,
Papua New Guinea,PNG,18.08010224,17.80978851,17.59205417,17.43199083,17.33469014,17.30524372,17.38090824,17.55116401,17.74943814,17.90915772,17.96374985,17.75197703,17.27635067,16.71592126,16.24973929,16.05685523,16.17636633,16.45755281,16.79473959,17.0822516,17.21441375,16.46331052,16.46833651,16.49812871,16.3724587,16.86833857,16.15435627,15.93042253,16.91732854,16.88829626,17.31054256,,,
Poland,POL,31.58766838,31.4691393,31.23521365,30.90730035,30.5068083,30.0551464,29.29849184,28.17874049,27.01087933,26.10989531,25.79077541,26.04491299,26.53985745,27.10482984,27.56905118,27.76174251,27.72003916,27.60482157,27.43092851,27.21319869,26.96647087,26.54584891,24.13049283,23.18921152,23.4338278,22.41398307,21.24850925,22.26317187,22.40940519,18.77019541,17.95833149,,,
Pre-demographic dividend,PRE,,,,,,,,,,,,,,,,,,,,,,,,,,,,,,,,,,
Puerto Rico,PRI,6.844682185,6.803492963,6.77022245,6.744378915,6.725470629,6.713005863,6.801635195,7.022906654,7.281674678,7.48279371,7.53111819,7.392607463,7.145981175,6.865234218,6.624361483,6.497357861,6.465187977,6.450185845,6.438400444,6.415880754,6.368675753,5.656560686,6.355600894,6.112880111,6.323834534,6.745323174,6.940336738,7.122967105,6.701185436,6.660404839,7.188415217,,,
"Korea, Dem. People's Rep.",PRK,41.65292802,41.07434884,40.57077228,40.17604463,39.92401217,39.84852119,39.91505004,40.04764913,40.2180228,40.39787543,40.55891137,40.72524389,40.89961356,41.02166565,41.03104543,40.86739819,40.16348913,38.87852639,37.44181966,36.28267866,35.83041307,39.0842632,37.568471,46.09429629,44.19947016,42.53824549,38.62203019,39.16824098,34.19782937,31.12375821,29.92910625,,,
Portugal,PRT,13.78612493,13.68435418,13.61157435,13.56092647,13.52555158,13.49859074,13.54396098,13.68321692,13.845956,13.96177568,13.96027339,13.84956968,13.69004627,13.48969243,13.25649739,12.99845042,12.59774479,12.02951024,11.44114071,10.98003011,10.79357237,11.51575802,10.11515244,9.768320487,9.505762368,9.642534518,8.8377321,9.255198044,9.026014516,7.982561219,8.452422662,,,
Paraguay,PRY,13.31791408,13.32495193,13.33488412,13.34727849,13.36170289,13.37772517,13.41218767,13.46819849,13.52472415,13.56073117,13.55518605,13.44560099,13.22741427,12.9664815,12.72865832,12.57980034,12.4981511,12.42509151,12.37118323,12.34698797,12.36306742,13.0739533,12.36124522,11.70700233,11.45920641,10.43381842,10.41050122,10.28797803,10.48981263,10.12225649,10.08915991,,,
West Bank and Gaza,PSE,24.73623917,25.8237918,26.72791934,27.41517842,27.85212566,28.00531768,27.81066086,27.34624407,26.79189774,26.32745226,26.13273805,26.23653036,26.51357159,26.91264285,27.38252527,27.87199994,28.60148406,29.64370509,30.72590964,31.57534431,31.91925569,28.60663062,27.23796103,31.16257638,29.28868433,30.46155104,26.5563698,26.67508244,29.13402124,29.68224937,26.36362644,,,
Pacific island small states,PSS,,,,,,,,,,,,,,,,,,,,,,,,,,,,,,,,,,
Post-demographic dividend,PST,,,,,,,,,,,,,,,,,,,,,,,,,,,,,,,,,,
French Polynesia,PYF,,,,,,,,,,,,,,,,,,,,,,,,,,,,,,,,,,
Qatar,QAT,89.41145072,87.66437552,86.26520471,85.23709073,84.60318599,84.38664294,84.63312031,85.28859576,86.22670011,87.32106418,88.44531877,90.07384245,92.37070321,94.7440661,96.60209614,97.35295837,95.80580048,92.11642397,87.71297459,84.02359809,82.4764402,87.96241078,95.6228667,88.6466198,75.17648245,97.700028,83.68549212,83.26899062,93.30695718,81.00883378,75.66303295,,,
Romania,ROU,23.08724872,22.87799253,22.65535735,22.41947206,22.17046556,21.90846673,21.56455652,21.13862833,20.73402974,20.45410837,20.40221182,20.57274534,20.83975428,21.12604634,21.35442925,21.44771073,21.29930114,20.94540134,20.5230048,20.169105,20.02069541,21.36317598,19.42496673,17.87110549,17.98983605,17.49551757,16.59833853,17.04461175,17.1719926,15.00734037,14.85017313,,,
Russian Federation,RUS,25.92521648,25.47681633,25.01182551,24.53161435,24.03755312,23.53101215,23.01884197,22.49800562,21.95504213,21.37649054,20.74888986,19.83929731,18.6102425,17.34147308,16.3127367,15.80378102,15.69130797,15.63633503,15.59508323,15.52377363,15.37862724,13.91388771,13.89912303,14.057432,14.24818052,12.93925094,12.47846552,11.73909441,12.3153675,11.67782303,11.27277759,,,
Rwanda,RWA,30.37641685,30.56702018,30.74326971,30.89589131,31.01561083,31.09315413,31.1610627,31.24424339,31.32197015,31.37351689,31.37815756,31.22228052,30.88794478,30.49793022,30.1750167,30.0419841,30.09197394,30.21830786,30.39403595,30.59220827,30.78587492,31.14124025,31.53607588,30.62833845,31.86897932,31.25748109,31.68622999,30.35535274,30.18166879,30.00716424,31.28826549,,,
South Asia,SAS,,,,,,,,,,,,,,,,,,,,,,,,,,,,,,,,,,
Saudi Arabia,SAU,46.80237202,46.71825429,46.67179218,46.6544194,46.65756963,46.67267659,47.3509548,49.01156438,51.14785746,53.25318614,54.82090252,55.96119598,57.06008443,58.02466277,58.76202593,59.1792688,59.34607383,59.4348208,59.50665066,59.62270435,59.84412279,61.9036202,65.81365357,64.24956643,51.08775224,65.61218013,57.27212943,59.44024848,61.98866405,58.62259286,53.14860136,,,
Sudan,SDN,53.71927223,50.6606024,48.36583645,46.78660447,45.87453656,45.58126279,46.53390048,48.84538411,51.69606949,54.26631245,55.7364688,56.28716461,56.68823208,57.00383623,57.29814211,57.63531476,57.9611168,58.23849175,58.55737593,59.00770569,59.67941735,62.29416942,64.14971774,60.43690036,49.51694329,61.11050562,59.31192329,59.81684485,58.69365767,51.93562183,45.83490256,,,
Senegal,SEN,66.603048,67.05847909,67.48949718,67.8708589,68.17732086,68.38363968,68.58492078,68.84888189,69.10919812,69.29954456,69.35359631,67.97953731,64.75318974,60.90968612,57.68415892,56.31174066,56.32875901,56.43182665,56.59650366,56.79835009,57.012926,59.14123976,71.98450975,50.77406259,54.88946654,70.7409851,62.24529071,68.99616112,61.80097405,60.34290163,63.74022113,,,
Singapore,SGP,35.03329263,30.86528306,27.07396399,23.91824727,21.65704475,20.54926827,20.2379666,20.11910282,20.08096025,20.01182217,19.79997192,19.31426286,18.58425257,17.73928066,16.90868676,16.22181047,15.60320415,14.95527648,14.37415164,13.95595379,13.7968071,15.50309323,16.92235993,18.07666256,17.28168859,17.1833033,15.90029489,16.07688405,15.97685716,17.07590632,13.86919559,,,
Solomon Islands,SLB,12.43428667,12.32040595,12.24009013,12.19131941,12.17207398,12.18033404,12.24827663,12.38304274,12.5450585,12.69475003,12.79254343,12.81537353,12.78865089,12.74551528,12.71910647,12.74256422,12.84185013,12.99619038,13.16862163,13.32218052,13.4199037,13.30860868,13.31689811,13.57873135,13.6743436,13.38897778,13.47202595,13.43405834,14.2731157,14.30023529,13.95428301,,,
Sierra Leone,SLE,43.17897877,41.09065615,39.40391429,38.15465222,37.37876901,37.11216371,37.56975773,38.66778662,39.99412062,41.13662998,41.68318494,41.76188178,41.78167837,41.75173726,41.68122105,41.57929231,41.02154796,39.8572437,38.50603023,37.38755829,36.92147859,43.13492173,42.39698958,34.42033317,36.21937351,51.80616711,48.70367439,44.70737676,44.33515011,38.59209829,43.2210935,,,
El Salvador,SLV,33.25101977,33.0044413,32.79575261,32.6274187,32.50190459,32.42167531,32.46309963,32.63265489,32.82796897,32.94666975,32.88638511,32.37041864,31.35156893,30.07170632,28.77270113,27.69642371,26.72832208,25.69859158,24.76622347,24.09020901,23.82953946,27.55674694,24.2617826,25.80096364,23.56244814,23.94108317,22.75540511,22.10659549,21.08534123,18.26758858,20.02871445,,,
San Marino,SMR,15.36933498,15.20251951,15.02761542,14.84514618,14.65563529,14.45960623,14.2483137,14.01888053,13.78063245,13.54289518,13.31499444,13.07046045,12.78463816,12.46957536,12.13731987,11.79991948,11.38830136,10.89259585,10.41365546,10.05233271,9.909480126,10.69772481,10.45793569,10.26137306,10.7247942,11.03417563,10.7965188,11.13787836,11.71602201,10.49382376,10.69089833,,,
Somalia,SOM,22.51186527,19.72124498,17.80132329,16.60816105,15.99781909,15.82635824,17.14538734,20.2907644,24.04492412,27.19030119,28.50933028,27.89014938,26.41364109,24.65135699,23.1748487,22.5556678,22.59636277,22.73108592,22.97879459,23.3584461,23.88899781,27.74333206,29.2235174,27.54794154,25.44048642,24.73237336,25.30113953,26.64046837,27.08884707,22.83604392,24.52510822,,,
Serbia,SRB,34.2946709,34.07956074,33.84296997,33.58691847,33.31342612,33.02451279,32.62527405,32.11158427,31.62163157,31.29360409,31.26568995,31.58792716,32.1130883,32.68346338,33.14134242,33.32901543,33.11846616,32.61638714,32.01713153,31.5150525,31.30450324,33.95588567,30.38464917,28.45613507,28.03673292,27.86326925,25.5339499,26.2823086,27.12834196,22.6362589,22.50753557,,,
Sub-Saharan Africa (excluding high income),SSA,,,,,,,,,,,,,,,,,,,,,,,,,,,,,,,,,,
South Sudan,SSD,33.46236815,31.76923905,30.65957366,30.01433485,29.71448547,29.64098837,30.55525796,32.7354393,35.33759121,37.51777255,38.43204214,38.28068444,37.91029108,37.4463816,37.01447557,36.74009257,36.57748773,36.41220995,36.2667194,36.16347625,36.12494067,38.37701051,39.05812518,37.47378781,31.4965311,38.25936445,35.29853875,35.06600367,34.3895571,33.35997947,30.73734786,,,
Sub-Saharan Africa,SSF,,,,,,,,,,,,,,,,,,,,,,,,,,,,,,,,,,
Small states,SST,,,,,,,,,,,,,,,,,,,,,,,,,,,,,,,,,,
Sao Tome and Principe,STP,24.26468293,23.17711341,22.35149878,21.77619297,21.43954994,21.32992361,21.67261571,22.49508634,23.488927,24.34572919,24.7570844,24.83362083,24.89176722,24.93181589,24.95405918,24.95878941,24.64273365,23.89467486,23.00298925,22.25605305,21.94224247,23.08579633,20.53143933,21.96741667,19.66306329,26.15006646,25.73423669,21.30752024,20.0156979,21.65567283,27.33575228,,,
Suriname,SUR,29.71570976,29.55341035,29.46465203,29.43574586,29.4530029,29.50273421,29.82234464,30.49481932,31.27483972,31.91708732,32.1762436,31.53600337,30.00887126,28.14274346,26.48551613,25.58508548,25.34038888,25.22407274,25.14459676,25.01042062,24.73000403,23.13423331,26.35644953,25.04735514,25.57949241,27.42113688,27.03352912,26.77979374,29.66419342,29.990412,27.30596984,,,
Slovak Republic,SVK,26.10791675,26.10991088,26.00363059,25.80824557,25.54292553,25.22684018,24.60444367,23.60814426,22.53904283,21.69824023,21.38683734,21.62785163,22.12497175,22.70030529,23.17595985,23.37404302,23.17577913,22.70299601,22.13870649,21.66592338,21.46765949,22.55585624,20.3421781,19.58088787,19.26610105,19.18674764,17.87880045,18.18474975,18.67878491,15.83711665,15.39161943,,,
Slovenia,SVN,25.12691514,25.00669002,24.80930844,24.548433,24.23772631,23.89085099,23.32666242,22.50565539,21.65395162,20.99767283,20.76294074,20.93419702,21.26822316,21.64965057,21.96311064,22.0932348,21.7654812,20.98391492,20.05107775,19.26951147,18.94175787,20.69735087,18.34301912,18.16324479,17.79704249,17.72092606,16.45177746,16.50269644,18.18015528,13.90821658,14.29115275,,,
Sweden,SWE,11.12076145,10.92947959,10.74625088,10.57050685,10.40167905,10.23919903,10.10382286,10.00270771,9.914886768,9.819393239,9.695260312,9.496129424,9.221558249,8.91945433,8.63772521,8.424278434,8.257155645,8.094841666,7.955908814,7.858929405,7.822475754,7.912439332,6.609055044,6.562228569,6.772288614,6.302605044,5.697833292,6.061803567,6.290862321,6.068692696,5.636707906,,,
Eswatini,SWZ,24.03028353,24.15349401,24.23323871,24.27715365,24.29287483,24.28803826,24.23733233,24.12042308,23.95241303,23.74840469,23.52350058,23.10924389,22.45442095,21.74999897,21.18694515,20.9562267,21.04365154,21.25341578,21.50406893,21.71416048,21.80223993,20.66140671,21.13945882,20.97358885,20.78155051,21.04861758,18.92037806,20.26132158,20.42432931,21.16663653,18.78312114,,,
Sint Maarten (Dutch part),SXM,,,,,,,,,,,,,,,,,,,,,,,,,,,,,,,,,,
Seychelles,SYC,8.725008843,8.987289128,9.23279609,9.457879863,9.658890578,9.83217837,9.998361482,10.16595627,10.31316004,10.41817008,10.45918371,10.43722466,10.37540799,10.28506795,10.17753879,10.06415477,9.881010292,9.60702172,9.317756231,9.088781006,8.995663224,10.48363236,9.819805685,9.655941003,9.06745869,9.001745365,9.912230008,9.847947439,9.355914849,9.43411736,8.499838577,,,
Syrian Arab Republic,SYR,25.87324806,26.11119505,26.25413967,26.32573723,26.34964301,26.34951233,25.99548801,25.15744232,24.15862467,23.32228451,22.97167124,23.03977439,23.22661491,23.50598943,23.85169457,24.23752694,25.00048518,26.24555086,27.59849511,28.685089,29.13110363,25.68586673,24.54999523,26.315163,25.73241889,26.97950237,25.57061702,24.58144406,25.9590823,26.47256113,24.70583826,,,
Turks and Caicos Islands,TCA,,,,,,,,,,,,,,,,,,,,,,,,,,,,,,,,,,
Chad,TCD,55.27760351,53.40545797,52.01681912,51.0729421,50.53508203,50.36449403,51.0489456,52.68102262,54.62920779,56.26198382,56.9478334,56.7977695,56.41189481,55.89232661,55.34118221,54.86057888,54.36682771,53.78384875,53.22517282,52.80433074,52.6348533,54.15042277,57.12047419,50.22566071,46.80527884,64.38275048,58.38595025,56.25062147,54.38081735,51.86735771,49.13884841,,,
East Asia & Pacific (IDA & IBRD countries),TEA,,,,,,,,,,,,,,,,,,,,,,,,,,,,,,,,,,
Europe & Central Asia (IDA & IBRD countries),TEC,,,,,,,,,,,,,,,,,,,,,,,,,,,,,,,,,,
Togo,TGO,60.0438695,57.19016195,55.12317108,53.75525638,52.99877728,52.76609326,53.90295275,56.61392538,59.8496024,62.56057503,63.69743453,61.83759942,57.40257546,52.10908464,47.67384896,45.81359044,45.87836439,46.06109191,46.34279372,46.70449055,47.12720312,48.26952768,53.64079227,43.02191658,43.06363427,67.31607917,60.28984293,58.24504946,55.10423805,47.62906647,51.66613694,,,
Thailand,THA,44.30088875,43.75986317,43.24413248,42.76273201,42.3246971,41.9390631,41.57210439,41.20397967,40.86455075,40.58367945,40.39122756,40.35065432,40.43269527,40.52812677,40.52772515,40.32226677,39.75210625,38.75093016,37.34951271,35.5786281,33.46905055,29.05919519,31.5886299,34.48835114,29.97053846,28.15444138,30.39859962,27.10067447,30.0080974,30.38275655,31.00720163,,,
Tajikistan,TJK,33.41282303,33.6928715,33.99097755,34.30353218,34.6269264,34.95755122,35.39039656,35.93946258,36.4796556,36.88588194,37.03304794,36.61691078,35.66039685,34.52916626,33.58887912,33.20519554,33.43715768,34.14486645,35.39557001,37.25651655,39.79495425,53.1958827,51.37942636,51.04609041,46.67001301,45.57498885,44.76555037,42.50533606,42.33350647,40.28904966,37.05340623,,,
Turkmenistan,TKM,19.33762183,19.79914826,20.16065845,20.42179316,20.58219314,20.64149915,20.55097491,20.30033077,19.94687742,19.54792554,19.16078582,18.6664786,18.01183032,17.35286088,16.84559014,16.64603798,16.83896235,17.41028218,18.36775881,19.71915358,21.47222782,27.21989852,27.02097147,26.4262904,25.07251342,23.67628175,23.17749312,21.6902945,22.45126696,20.25303489,19.59976114,,,
Latin America & the Caribbean (IDA & IBRD countries),TLA,,,,,,,,,,,,,,,,,,,,,,,,,,,,,,,,,,
Timor-Leste,TLS,21.83595402,21.71485645,21.60097742,21.4970953,21.40598847,21.3304353,21.27047432,21.22006214,21.17285429,21.12250627,21.06267359,21.00356468,20.94891155,20.88265502,20.78873594,20.65109514,20.37899178,19.91298845,19.28398119,18.52286602,17.66053899,16.25849795,17.65438371,17.50056882,16.80690478,15.76199766,16.20810395,14.98180302,16.81649672,17.6278812,17.4104662,,,
Middle East & North Africa (IDA & IBRD countries),TMN,,,,,,,,,,,,,,,,,,,,,,,,,,,,,,,,,,
Tonga,TON,12.69296796,12.55287829,12.44245214,12.36368806,12.31858457,12.30914021,12.37614209,12.5240227,12.70024868,12.85228666,12.92760328,12.90541198,12.82142185,12.70784297,12.59688544,12.52075932,12.48045,12.4498683,12.42061248,12.38428078,12.33247148,12.13043892,12.37659325,12.18020148,12.09138221,11.7395693,12.01701831,12.08036986,12.64685274,12.75744611,12.47841295,,,
South Asia (IDA & IBRD),TSA,,,,,,,,,,,,,,,,,,,,,,,,,,,,,,,,,,
Sub-Saharan Africa (IDA & IBRD countries),TSS,,,,,,,,,,,,,,,,,,,,,,,,,,,,,,,,,,
Trinidad and Tobago,TTO,24.1352092,24.02258109,23.93092843,23.86360264,23.82395513,23.81533732,23.86213884,23.95789702,24.05968482,24.12457521,24.10964114,23.83438911,23.27505903,22.62382399,22.07285706,21.81433132,21.85635571,22.03215772,22.27158822,22.50449809,22.6607382,22.68905256,22.64997514,23.38394537,24.08935817,26.25929627,25.23264913,25.39889158,24.31385327,25.01022716,25.60225836,,,
Tunisia,TUN,22.25144088,21.83290735,21.57958462,21.45020777,21.40351191,21.39823214,22.0303256,23.53522684,25.3308871,26.83525762,27.46628966,27.17429363,26.477495,25.6457176,24.94878524,24.65652174,24.91612061,25.53514643,26.27397962,26.89300057,27.15258968,23.79684426,22.69446282,22.14157491,25.16384477,23.63444125,24.80892166,22.57175707,25.5228521,23.77140341,24.18298267,,,
Turkiye,TUR,21.73838587,21.74203677,21.75473936,21.77498803,21.80127717,21.83210117,21.92214718,22.08973955,22.27882845,22.43336409,22.49729664,22.39330286,22.14539327,21.84951871,21.60163002,21.49767805,21.82396578,22.60206333,23.53082224,24.30909404,24.63573026,23.74736858,23.24401623,23.50239782,23.48748584,24.56037638,23.83379271,22.10314021,22.8252291,23.69461158,21.61204692,,,
Tuvalu,TUV,5.244133581,5.234913865,5.245962871,5.273610308,5.31418588,5.364019293,5.486546147,5.701313146,5.93881665,6.129553019,6.204018614,6.185826073,6.149071915,6.099978325,6.044767488,5.989661586,5.930226232,5.856064311,5.764453919,5.652673152,5.518000106,5.280586544,5.23945117,5.405749517,5.517783271,5.476282219,5.884354186,6.200946275,6.149597915,6.009625886,5.917801056,,,
Tanzania,TZA,16.54556329,16.35916969,16.24639794,16.18886248,16.16817776,16.16595823,16.53104976,17.42224246,18.53606713,19.56905455,20.21773554,20.52207811,20.75046147,20.94203322,21.13594093,21.37133219,21.61325788,21.84344975,22.12607669,22.52530757,23.10531126,25.1532727,25.56674876,24.53406821,24.2244901,25.16826194,25.39381754,21.00066031,21.29448926,20.77856879,25.08143115,,,
Uganda,UGA,28.62121029,28.8018693,29.05462731,29.36531365,29.71975765,30.10378863,30.68023532,31.4849084,32.31311016,32.96014288,33.22130883,32.96812237,32.36430988,31.64349165,31.03928801,30.78531925,30.84864269,31.0457523,31.38442337,31.87243122,32.51755117,35.02714007,35.89056658,34.82004965,34.11161667,36.41586432,35.18676374,32.23969928,33.12791667,31.48501348,33.80771926,,,
Ukraine,UKR,33.06198177,32.76300149,32.40137328,31.98637798,31.52729644,31.03340952,30.4728931,29.82240299,29.10393985,28.33950436,27.5510972,26.56590905,25.3241058,24.01715093,22.83650793,21.9736403,21.37690536,20.86111122,20.41739755,20.03690404,19.71077035,19.44066752,18.67665038,18.88336144,18.42632353,17.79198184,16.2426826,15.65854285,17.10413681,15.57950073,14.90010099,,,
Upper middle income,UMC,,,,,,,,,,,,,,,,,,,,,,,,,,,,,,,,,,
Uruguay,URY,13.27287476,13.2428967,13.21212325,13.18076332,13.14902582,13.11711965,13.09780215,13.09058126,13.0757918,13.0337686,12.94484648,12.76683758,12.4965101,12.17263294,11.83397499,11.51930516,11.18236254,10.7966309,10.43049609,10.15234397,10.03056041,10.05095174,9.716873958,10.83144756,10.44239771,10.46921296,10.26287391,10.0613622,10.1340725,10.29859115,10.57179233,,,
United States,USA,14.10406712,14.05443419,13.98096379,13.88895896,13.78372272,13.6705581,13.52475845,13.33502201,13.12675909,12.92538001,12.75629507,12.60495388,12.43537638,12.24082841,12.01457583,11.74988448,11.30944852,10.67300294,10.00937489,9.48739149,9.275879884,9.364627449,9.01055428,8.746208177,8.510126511,8.190741835,7.408350093,7.790405844,7.822006511,7.176021479,7.814857524,,,
Uzbekistan,UZB,31.43740118,32.31122312,32.98332465,33.45857841,33.74185703,33.83803316,33.5992348,32.99156272,32.19084871,31.37292457,30.7136221,30.13309498,29.50593498,28.93963103,28.54167205,28.41954696,28.63545381,29.21774115,30.22312366,31.70831603,33.73003294,44.19829362,43.90475191,42.94772036,39.48884033,37.83562864,37.54818502,35.21215703,34.83543176,34.13319926,31.96042946,,,
St. Vincent and the Grenadines,VCT,23.86018899,23.49916672,23.19520532,22.9616908,22.81200917,22.75954643,22.82974513,22.9943863,23.18636364,23.33857086,23.38390168,23.15847254,22.65763617,22.05314071,21.51673425,21.22016493,21.16153126,21.18865304,21.24786031,21.28548311,21.24785148,20.81304293,21.17852263,22.02886034,22.4680503,24.20459509,24.33098587,23.45279268,23.39956827,23.40624544,23.92627585,,,
"Venezuela, RB",VEN,22.84399757,22.80192451,22.7753597,22.7610789,22.75585785,22.7564723,22.82159868,22.96540393,23.11789965,23.2090974,23.16900878,22.96779826,22.65631079,22.28557862,21.906634,21.57050917,21.2333828,20.85991882,20.51387745,20.25901892,20.15910345,21.68712256,19.30453099,19.95725832,19.28699382,19.29515542,18.84502743,19.08019471,16.34453437,14.85071316,15.25657962,,,
British Virgin Islands,VGB,,,,,,,,,,,,,,,,,,,,,,,,,,,,,,,,,,
Virgin Islands (U.S.),VIR,8.153950803,8.115395388,8.086331775,8.065476174,8.051544796,8.043253854,8.130849348,8.343664488,8.589046296,8.774341795,8.806898008,8.634310829,8.330361409,7.991674664,7.714875506,7.596588849,7.59691745,7.60700426,7.620034487,7.629193336,7.627666016,6.783178621,7.619292817,7.330124033,7.391823803,8.010920646,8.296550414,8.547569931,7.929977308,7.92423361,8.633427567,,,
Viet Nam,VNM,28.60504956,28.34691847,28.11043523,27.89914647,27.71659882,27.56633894,27.44886579,27.36011706,27.29679744,27.25561161,27.23326426,27.27245424,27.37291606,27.46690786,27.48668781,27.36451404,27.00075971,26.36059835,25.47348872,24.36888958,23.07625967,20.49057658,21.51164395,23.22749251,20.40350649,19.37701405,20.33044562,18.57977976,20.16301763,20.83178689,20.80106417,,,
Vanuatu,VUT,14.69860391,14.63912444,14.60294331,14.58613756,14.58478426,14.59496045,14.65330058,14.77105288,14.90621506,15.01678487,15.06076003,14.94250654,14.66532019,14.33559335,14.05971839,13.94408769,13.95854158,13.99619795,14.04836548,14.10635288,14.16146883,14.26655811,14.07268029,14.26295472,13.91114164,13.46804142,13.8697381,13.67133279,14.6439252,14.33649809,14.08241154,,,
World,WLD,39.53535251,39.22864974,38.97804727,38.78962901,38.66761427,38.61391564,38.68649268,38.89642078,39.17171353,39.43859151,39.61725341,39.68138783,39.66789905,39.58808567,39.45364173,39.27890077,38.71657318,37.64825703,36.43498843,35.44053503,35.02895994,38.50114055,40.9836915,42.97150129,42.3303293,42.09751435,40.93234835,38.38682553,37.63276953,34.50584845,31.3565928,,,
Samoa,WSM,12.88974745,12.64199604,12.45509607,12.32723279,12.25659145,12.2413573,12.33317373,12.5394331,12.79194412,13.02251553,13.16295602,13.22111016,13.25170724,13.25688306,13.2387734,13.19951407,13.12423576,13.00544124,12.85632442,12.69007923,12.51989959,12.24986546,12.46582429,12.55893786,12.57885193,12.42244184,12.50988931,12.08913804,12.82459951,12.87267267,12.55189528,,,
Kosovo,XKX,,,,,,,,,,,,,,,,,,,,,,,,,,,,,,,,,,
"Yemen, Rep.",YEM,43.87830932,42.09546936,40.75444238,39.82891984,39.29259319,39.11915389,39.72735658,41.17864045,42.9107238,44.36132491,44.96816207,44.29825807,42.70421133,40.80210364,39.20801677,38.53803249,38.55347535,38.61262082,38.72697704,38.90805216,39.16735432,43.23150958,53.63383338,48.42478785,38.08250688,44.06613149,40.72411682,42.12048052,43.91034833,41.64079343,34.83235984,,,
South Africa,ZAF,24.56797448,24.69795226,24.79068494,24.85090941,24.88336256,24.89278127,24.86329413,24.78370304,24.6657548,24.52119623,24.36177415,24.06394288,23.58936361,23.07759345,22.66818948,22.5007088,22.71703629,23.24411385,23.89908409,24.49908961,24.86127304,24.99688452,24.6444105,24.16074609,24.54848349,24.5964053,24.14768911,23.7549374,23.8122504,23.18977206,23.75306924,,,
Zambia,ZMB,23.38956435,22.88296163,22.52966548,22.30635934,22.18972666,22.15645086,22.37888252,22.91225303,23.55756708,24.11582939,24.38804463,24.43251491,24.45081432,24.45885554,24.47255127,24.50781418,24.5785406,24.69490091,24.86721887,25.10581823,25.42102275,26.56548854,26.87103025,25.65001604,26.0707378,25.67674229,26.16591031,23.75828241,23.33671991,23.20374759,24.3085919,,,
Zimbabwe,ZWE,20.80573688,20.37904748,20.02463906,19.75543024,19.58433966,19.52428593,19.5924258,19.75861614,19.96482577,20.15302349,20.26517812,20.30637468,20.32914569,20.34663123,20.37197137,20.4183062,20.49387436,20.61427265,20.80367837,21.08626885,21.48622138,23.61628294,23.53952785,22.59840069,23.42925253,23.10387907,22.5706982,17.99775381,19.11209934,18.52860746,19.49417966,,,
